passage_uri,real_sourcekey
https://r11.eu/rdf/resource/51a9954d-2268-4550-a685-22f02f626864,"Theophylaktos of Ohrid, Letters 7"
https://r11.eu/rdf/resource/03b5acf1-0779-40ee-a5ec-04c3da3dbc18,Lavra 46
https://r11.eu/rdf/resource/7a1809e7-b2e9-4a0e-9d44-88bfaf6f4743,Lavra 46
https://r11.eu/rdf/resource/1f6330e1-61b2-4d04-9906-cb5d1dfc5a7b,Lavra 46
https://r11.eu/rdf/resource/25836c82-6190-473d-b1a8-51a2d74a43af,Kleinchroniken 14
https://r11.eu/rdf/resource/fe3db4c7-b1d0-4809-97d1-523b36079aaf,Kleinchroniken 14
https://r11.eu/rdf/resource/3c9adcc9-0aae-4084-896b-28a0a85bcf4c,Kleinchroniken 6
https://r11.eu/rdf/resource/1904fa68-d4cd-406c-b916-a7fa38c25a64,Kleinchroniken 14
https://r11.eu/rdf/resource/ac05c1be-47e2-4543-b736-1dcb5ee3c81d,Kleinchroniken 14
https://r11.eu/rdf/resource/4bf360be-dfe1-4eb9-b821-6d1a8455f306,Kleinchroniken 14
https://r11.eu/rdf/resource/eb6cdb67-9d39-4fc8-a345-dfe5f1a96397,"Theophylaktos of Ohrid, Letters 12"
https://r11.eu/rdf/resource/e2245f16-edd5-47fe-a1bf-00b33ba00c47,"Theophylaktos of Ohrid, Letters 127"
https://r11.eu/rdf/resource/a16b4689-3285-4e5e-9818-4750c3fc64af,"Theophylaktos of Ohrid, Letters 127"
https://r11.eu/rdf/resource/138e93ea-0aba-4212-86ef-105ccf4f54ff,"Theophylaktos of Ohrid, Letters 8"
https://r11.eu/rdf/resource/2bac1256-27f4-4643-9288-db301ee31187,"Theophylaktos of Ohrid, Letters 127"
https://r11.eu/rdf/resource/ed12bb7a-8744-477b-9cbf-eb6a02c6e064,"Theophylaktos of Ohrid, Letters 8"
https://r11.eu/rdf/resource/2fb80f7e-af1e-4c37-83a6-731ee0ef0b64,Lavra 43
https://r11.eu/rdf/resource/7f43fc46-78db-4c78-940a-139670367a83,Lavra 43
https://r11.eu/rdf/resource/d6e93a84-7f44-4909-93b6-dbfe351b0ee7,Lavra 43
https://r11.eu/rdf/resource/16d69a19-cea3-42ee-adf9-22878276fcbd,Lavra 43
https://r11.eu/rdf/resource/caff817e-ece0-4373-9563-0c842f3d827f,Lavra 51
https://r11.eu/rdf/resource/b36f15c1-c95a-48a4-a018-a677c75d46b9,Xenophontos 2
https://r11.eu/rdf/resource/8c4f964e-0478-49ba-9c65-3469ca19b59a,Xenophontos 2
https://r11.eu/rdf/resource/a17dd35a-d1a8-4aaa-bcdf-07fb3f359add,Docheiariou 2b
https://r11.eu/rdf/resource/f8d5d01f-b0e6-4115-8ae5-644a7976016e,Vatopedi 11
https://r11.eu/rdf/resource/2de28a02-ae84-484f-b5c5-7e30611dea2f,Xenophontos 2
https://r11.eu/rdf/resource/a53daad0-56a1-48de-af3a-ff173ea66e00,Docheiariou 2b
https://r11.eu/rdf/resource/cc6e09cb-05fd-49da-b82e-7e923e590e65,Kleinchroniken 16
https://r11.eu/rdf/resource/cd6a27fe-01b4-4f9a-8e73-fc597615b350,Kleinchroniken 14
https://r11.eu/rdf/resource/0a0f0cea-3642-4120-b735-e9bd0fd06a0c,Lavra 39
https://r11.eu/rdf/resource/95066ee0-c429-4983-80ca-3a3b474b31a5,Lavra 39
https://r11.eu/rdf/resource/ef206cda-5e1e-4ad9-a2a4-fc3ff4d3fecd,Lavra 39
https://r11.eu/rdf/resource/4d6ae22a-90e0-45d2-a7a3-7cf4d81116c4,Lavra 47
https://r11.eu/rdf/resource/fded6335-36c1-43ea-9c15-b3eb58e46240,Docheiariou 2b
https://r11.eu/rdf/resource/37143595-cefb-43bd-8221-5e1a485fa7a4,Kleinchroniken 5
https://r11.eu/rdf/resource/0eb413ad-8799-4564-b331-b4aa80930c1f,"Theophylaktos of Ohrid, Letters 6"
https://r11.eu/rdf/resource/61f1c225-b2d3-451f-8ee7-dc24c818a470,"Theophylaktos of Ohrid, Letters 6"
https://r11.eu/rdf/resource/5a3af177-4d59-4628-bf79-e78248a892fc,"Theophylaktos of Ohrid, Letters 6"
https://r11.eu/rdf/resource/5a9f7bab-00ac-4a92-bcf6-2d025450f014,"Theophylaktos of Ohrid, Letters 7"
https://r11.eu/rdf/resource/347541d2-8622-4d41-a5ed-6c120e52c142,"Theophylaktos of Ohrid, Letters 7"
https://r11.eu/rdf/resource/2ccfd555-a93d-40b0-a19b-7d440ae16921,"Theophylaktos of Ohrid, Letters 7"
https://r11.eu/rdf/resource/d043e137-69aa-4b1d-ae50-1f8f28205618,"Theophylaktos of Ohrid, Letters 11"
https://r11.eu/rdf/resource/f348d358-9b92-425d-9bd4-aa1be18ef8e9,"Theophylaktos of Ohrid, Letters 11"
https://r11.eu/rdf/resource/2788e02f-815a-4524-8b74-d346416ee28f,"Theophylaktos of Ohrid, Letters 11"
https://r11.eu/rdf/resource/f1f4c6d2-e2f4-4563-98a5-3a0763e3823f,"Theophylaktos of Ohrid, Letters 11"
https://r11.eu/rdf/resource/1e483b52-d00f-4983-a840-032961e19535,"Theophylaktos of Ohrid, Letters 14"
https://r11.eu/rdf/resource/87554751-2c0a-46cd-8616-eea0387fee54,"Theophylaktos of Ohrid, Letters 15"
https://r11.eu/rdf/resource/c5d04f70-404f-4c54-937b-3b46c9839139,"Theophylaktos of Ohrid, Letters 15"
https://r11.eu/rdf/resource/1f255ea1-577d-498f-a3c2-c4199f283a94,"Theophylaktos of Ohrid, Letters 18"
https://r11.eu/rdf/resource/7912f21c-7e66-4f33-a43e-a4a4931f8a59,"Theophylaktos of Ohrid, Letters 18"
https://r11.eu/rdf/resource/fad28f79-a3b9-478f-8029-10de671bb1c9,"Theophylaktos of Ohrid, Letters 18"
https://r11.eu/rdf/resource/5fbeb4ac-d3ae-4ff9-a59d-7b0bd5cffc68,"Theophylaktos of Ohrid, Letters 18"
https://r11.eu/rdf/resource/7332bd50-7193-496d-aa93-0210f2ff3ac6,"Theophylaktos of Ohrid, Letters 18"
https://r11.eu/rdf/resource/b856be60-313c-4925-aa60-efaaebe53fd5,"Theophylaktos of Ohrid, Letters 60"
https://r11.eu/rdf/resource/71baafee-9fbb-4cd9-88ec-450c1d3cccf7,"Theophylaktos of Ohrid, Letters 77"
https://r11.eu/rdf/resource/957505b6-12a4-417b-9762-f7e55e1388d7,"Theophylaktos of Ohrid, Letters 60"
https://r11.eu/rdf/resource/35f2c18b-e0fa-423d-b258-60b9ed1be247,"Theophylaktos of Ohrid, Letters 18"
https://r11.eu/rdf/resource/0de1ee05-74a9-4c29-ac95-178c5bc14518,"Theophylaktos of Ohrid, Letters 19"
https://r11.eu/rdf/resource/1f81f147-4659-47a5-aad6-530bc27842a0,"Theophylaktos of Ohrid, Letters 21"
https://r11.eu/rdf/resource/b3a1faba-ef3e-4373-b1d4-4cfc7dbd69da,"Theophylaktos of Ohrid, Letters 21"
https://r11.eu/rdf/resource/95306a2f-9565-4400-aec2-987a590f8668,"Theophylaktos of Ohrid, Letters 22"
https://r11.eu/rdf/resource/5c0f13a6-8910-4638-b665-56012040bf95,"Theophylaktos of Ohrid, Letters 23"
https://r11.eu/rdf/resource/01668a19-7c8b-4edb-9ce0-26c9cf669c64,"Theophylaktos of Ohrid, Letters 23"
https://r11.eu/rdf/resource/721a12ba-0668-4d2c-b8de-8efca98ebf86,"Theophylaktos of Ohrid, Letters 27"
https://r11.eu/rdf/resource/a0d2619e-bcf7-48de-a8e4-55cc84040c6e,"Theophylaktos of Ohrid, Letters 35"
https://r11.eu/rdf/resource/ed71a2d9-f87b-4798-98a3-7bb6cfc2c7f8,"Theophylaktos of Ohrid, Letters 35"
https://r11.eu/rdf/resource/8a4c1961-9042-4669-989f-03b785f63ffa,"Theophylaktos of Ohrid, Letters 35"
https://r11.eu/rdf/resource/00f12543-807d-40e0-9126-4b30f80dd72f,"Theophylaktos of Ohrid, Letters 37"
https://r11.eu/rdf/resource/09a4928f-3f9f-4cad-b4f6-81a6e23b6a9f,"Theophylaktos of Ohrid, Letters 37"
https://r11.eu/rdf/resource/12a8067d-f0b3-48c3-bedf-83baec066661,"Theophylaktos of Ohrid, Letters 37"
https://r11.eu/rdf/resource/6261e742-b6c3-4c31-b56c-14ff75809048,"Theophylaktos of Ohrid, Letters 40"
https://r11.eu/rdf/resource/b04ea19c-6b2f-45f5-a6e2-e29bc0d36bb7,"Theophylaktos of Ohrid, Letters 44"
https://r11.eu/rdf/resource/2d975321-a08a-4985-b19f-dde9f1478986,"Theophylaktos of Ohrid, Letters 44"
https://r11.eu/rdf/resource/7b677a93-cbff-4b9e-9c21-ef0fde638595,"Theophylaktos of Ohrid, Letters 49"
https://r11.eu/rdf/resource/88f2cc9a-373d-4759-a8f3-4c4bf8373a93,"Theophylaktos of Ohrid, Letters 57"
https://r11.eu/rdf/resource/b2dc4e3d-0e67-4316-b543-d9d5baa65c0f,"Theophylaktos of Ohrid, Letters 58"
https://r11.eu/rdf/resource/c1db91ed-203a-4cb8-9807-a363e0fa577e,"Theophylaktos of Ohrid, Letters 58"
https://r11.eu/rdf/resource/fc470bfe-2396-479c-baee-b46d81b9adc2,"Theophylaktos of Ohrid, Letters 60"
https://r11.eu/rdf/resource/9406dc3e-ab39-4362-baae-783cea5ef37e,"Theophylaktos of Ohrid, Letters 59"
https://r11.eu/rdf/resource/55edef9d-c069-4c07-8b73-0272e4258778,"Theophylaktos of Ohrid, Letters 59"
https://r11.eu/rdf/resource/d30bea47-353f-4b06-9caa-9fe859d23b06,"Theophylaktos of Ohrid, Letters 59"
https://r11.eu/rdf/resource/d584680f-7bbc-4579-b0ca-aa56eb659ab4,"Theophylaktos of Ohrid, Letters 59"
https://r11.eu/rdf/resource/9af06640-0142-4162-ba57-33cc8c983add,"Theophylaktos of Ohrid, Letters 58"
https://r11.eu/rdf/resource/21d6c4e7-91aa-4d14-b09f-b27596c39258,"Theophylaktos of Ohrid, Letters 66"
https://r11.eu/rdf/resource/d2699cb3-38ac-4643-80f2-797c748e1940,"Theophylaktos of Ohrid, Letters 66"
https://r11.eu/rdf/resource/21ad13c4-394e-4706-a0bb-0ad89456b8f6,"Theophylaktos of Ohrid, Letters 66"
https://r11.eu/rdf/resource/79a076fc-111a-4c4d-8a97-71d77aef8ff0,"Theophylaktos of Ohrid, Letters 66"
https://r11.eu/rdf/resource/cc1400ca-dc20-4a71-b54a-feddd2425d2e,"Theophylaktos of Ohrid, Letters 77"
https://r11.eu/rdf/resource/193a47e3-e65a-49c8-b5ae-6953b50c575d,"Theophylaktos of Ohrid, Letters 77"
https://r11.eu/rdf/resource/04460d81-2e87-4198-89a3-d9b3d4bc849c,"Theophylaktos of Ohrid, Letters 77"
https://r11.eu/rdf/resource/42d3243e-c154-4af1-a5a8-7b63f3c47d1e,"Theophylaktos of Ohrid, Letters 87"
https://r11.eu/rdf/resource/761a4475-d172-440f-ba56-2ef3ec45cac7,"Theophylaktos of Ohrid, Letters 87"
https://r11.eu/rdf/resource/086900b8-cd00-48cb-9e6e-86dc0a8b01e6,"Theophylaktos of Ohrid, Letters 132"
https://r11.eu/rdf/resource/f3b002af-624b-4ef8-93e7-cc1f22ff1559,Lavra 29
https://r11.eu/rdf/resource/a5300a90-57ba-4beb-87d4-e23cdfe6d06d,Lavra 29
https://r11.eu/rdf/resource/d2b9cabb-7df9-467e-b576-de33c13c91de,Esphigmenou 3
https://r11.eu/rdf/resource/38e784c7-3a33-4fbb-9adf-f803c855f753,Esphigmenou 3
https://r11.eu/rdf/resource/d3eeef30-52d1-41ed-8d33-2fcfdeabf9c3,Panteleemon 4
https://r11.eu/rdf/resource/1711f2fe-c465-4267-b932-d0bfa0a61ac3,Panteleemon 4
https://r11.eu/rdf/resource/1e18920e-45bd-49b8-b91e-0815690e442c,Panteleemon 4
https://r11.eu/rdf/resource/8ae6db29-66c0-4c5c-b8ae-812219117214,"Theophylaktos of Ohrid, Letters 28"
https://r11.eu/rdf/resource/16a290aa-26a0-46ae-9171-5c9a6e64a8ff,"Theophylaktos of Ohrid, Letters 21"
https://r11.eu/rdf/resource/4cb2fade-154b-4ce1-8f3d-4fcbae9b755e,Lavra 35
https://r11.eu/rdf/resource/27c2b9de-9ce9-4bbb-a03f-1f0cc0f4c398,Kleinchroniken 14
https://r11.eu/rdf/resource/38b8c5e4-870c-4740-980b-f88d99073fb7,Kleinchroniken 14
https://r11.eu/rdf/resource/e2a01b6f-9f7d-41a2-9504-0c0501ec4f4a,Kleinchroniken 17
https://r11.eu/rdf/resource/b79af237-5f66-48c0-8236-e342e0d42349,Kleinchroniken 14
https://r11.eu/rdf/resource/8c4df865-ba8b-4f6d-a535-76e7af562712,Kleinchroniken 14
https://r11.eu/rdf/resource/ba0a3740-994d-479b-a399-49cb639b19bd,Kleinchroniken 14
https://r11.eu/rdf/resource/a6df3d5d-b4cd-4341-a491-852d4c08ef05,Kleinchroniken 14
https://r11.eu/rdf/resource/bea67a31-297b-4edb-afae-1fbb340ef9d4,"Theophylaktos of Ohrid, Letters 21"
https://r11.eu/rdf/resource/078f97fb-cb6f-4563-a9be-f92ea642d11d,Esphigmenou 3
https://r11.eu/rdf/resource/87e03f4a-d044-47f2-95af-f42432055e0e,Esphigmenou 3
https://r11.eu/rdf/resource/dde49a75-141d-444d-8782-64796a9743c9,Esphigmenou 3
https://r11.eu/rdf/resource/b6bd1a80-bc12-4283-9457-3a23d1bb2f8a,Lavra 29
https://r11.eu/rdf/resource/73db1406-024a-4d57-b1ac-e51e250f3660,Lavra 29
https://r11.eu/rdf/resource/d9b6c821-fa4a-430c-9052-002d0c3dbb26,Lavra 35
https://r11.eu/rdf/resource/410735d2-cad0-4f54-93a2-9bf15b7536d7,Lavra 35
https://r11.eu/rdf/resource/65ec177a-12e8-4222-bf87-aad9baa54851,"Theophylaktos of Ohrid, Letters 27"
https://r11.eu/rdf/resource/c3c87fbf-2d6c-4cf7-ab18-ba698f806027,"Theophylaktos of Ohrid, Letters 31"
https://r11.eu/rdf/resource/afc91e66-6033-44ec-b1b0-15dbdf0f86d4,"Theophylaktos of Ohrid, Letters 127"
https://r11.eu/rdf/resource/d49b08c7-acc4-4e5d-a102-a01cd3cc7181,"Theophylaktos of Ohrid, Letters 127"
https://r11.eu/rdf/resource/cac67e2f-4f55-4102-a245-333a0df6c5aa,"Theophylaktos of Ohrid, Letters 27"
https://r11.eu/rdf/resource/4d04650f-ded1-4260-8549-47098683aaec,"Theophylaktos of Ohrid, Letters 49"
https://r11.eu/rdf/resource/b9633223-5903-4c8c-bc94-81c6c2fefb20,"Theophylaktos of Ohrid, Letters 53"
https://r11.eu/rdf/resource/ef724dd0-0687-4240-8828-a5d3e761e706,"Theophylaktos of Ohrid, Letters 53"
https://r11.eu/rdf/resource/7d2a18de-b11e-41ba-94bb-b02f61d69306,"Theophylaktos of Ohrid, Letters 66"
https://r11.eu/rdf/resource/4971fdd0-88c5-4fbc-9594-a54432c1f8f3,"Theophylaktos of Ohrid, Letters 66"
https://r11.eu/rdf/resource/563e7773-0e7d-4de9-96d0-880cf0e32cdf,"Theophylaktos of Ohrid, Letters 66"
https://r11.eu/rdf/resource/26b1e272-64c0-4f65-b6a8-dcf8bee2e22e,"Theophylaktos of Ohrid, Letters 66"
https://r11.eu/rdf/resource/f5ebf268-276d-4d04-8757-c72e751d4c56,"Theophylaktos of Ohrid, Letters 66"
https://r11.eu/rdf/resource/c62403f8-4690-40b8-9b2e-66f26f6a76db,Lavra 52
https://r11.eu/rdf/resource/40ebbaba-7b97-4beb-aaf6-1963b1b675b3,Lavra 52
https://r11.eu/rdf/resource/482e7298-ae84-4c5a-ab7f-7905e53916a4,Lavra 52
https://r11.eu/rdf/resource/1134dc89-a051-45fd-9948-b68aa0a7e047,Lavra 52
https://r11.eu/rdf/resource/58f5e2b7-56b1-4a26-a2cc-2f00bf71f045,Lavra 52
https://r11.eu/rdf/resource/d50dbd95-3120-4ac3-bbda-e7af216ff7bd,Lavra 52
https://r11.eu/rdf/resource/2f633107-5900-4b4c-8f06-6e8ae9190201,Esphigmenou 5
https://r11.eu/rdf/resource/c2102f7e-38ad-4968-ad21-2779fd2e005e,Esphigmenou 5
https://r11.eu/rdf/resource/a35de6b7-d0d8-4986-85aa-442b0db90d16,Esphigmenou 5
https://r11.eu/rdf/resource/653749d3-86d7-4ade-ae94-4f951f01320c,Esphigmenou 5
https://r11.eu/rdf/resource/03f469c4-8106-49e3-bb28-4589022a47c6,Vatopedi 7
https://r11.eu/rdf/resource/b14b5687-f31f-4965-9b2e-a9c63a5bd8b5,Vatopedi 7
https://r11.eu/rdf/resource/c5ba485c-8240-4e5a-8b10-90cf4944f4d9,Panteleemon 5
https://r11.eu/rdf/resource/77b230bc-b05e-4aed-9598-3581c5c1f147,Xeropotamou 5
https://r11.eu/rdf/resource/22ae9edd-7d7c-438b-9f1e-31712f35a026,Panteleemon 5
https://r11.eu/rdf/resource/fe870867-4d36-41a5-a76c-2d7c1176168b,Kleinchroniken 14
https://r11.eu/rdf/resource/771ef318-9f84-4e43-9c32-86d5defe1cf1,Kleinchroniken 6
https://r11.eu/rdf/resource/98a89bd8-71c8-4c21-87af-dc14865af157,Kleinchroniken 5
https://r11.eu/rdf/resource/90351261-9f63-4f0a-8a13-52b4d8577e8d,Kleinchroniken 5
https://r11.eu/rdf/resource/103e9460-db4d-405e-af80-31936b92e5da,Kleinchroniken 14
https://r11.eu/rdf/resource/51fe2b4f-0ce0-4fe4-8426-c52de245f937,Kleinchroniken 6
https://r11.eu/rdf/resource/129a2545-db05-48ba-8392-751ecd34508f,Kleinchroniken 6
https://r11.eu/rdf/resource/c1d6b64a-df0a-4832-92b6-4cad5e2b827e,Kleinchroniken 14
https://r11.eu/rdf/resource/16148d75-818b-437d-be48-ea5ebda242de,"Theophylaktos of Ohrid, Letters 17"
https://r11.eu/rdf/resource/01ce0322-2869-4541-b21b-2310500f54a9,"Theophylaktos of Ohrid, Letters 8"
https://r11.eu/rdf/resource/0fa22f50-cfb6-4516-b3be-d79dcc26ca8f,"Theophylaktos of Ohrid, Letters 8"
https://r11.eu/rdf/resource/08a5de0a-abeb-4e90-962c-0a058f3a451d,"Theophylaktos of Ohrid, Letters 8"
https://r11.eu/rdf/resource/b3175af7-300d-4a33-a4c2-3c082fff7fbd,"Psellos, Oratoria minora 2"
https://r11.eu/rdf/resource/0d0bd90b-69c2-4e3d-b818-b1472a703bd9,"Psellos, Oratoria minora 2"
https://r11.eu/rdf/resource/22c231cf-fdf2-44b6-9188-16c4600daf06,"Psellos, Oratoria minora 2"
https://r11.eu/rdf/resource/f4284b6b-9117-4b7c-b7a8-49d659e5ce0f,"Nea Mone, Gedeon 8"
https://r11.eu/rdf/resource/86c4a303-46bf-4288-afc8-4b2a6e9379ad,"Nea Mone, Gedeon 8"
https://r11.eu/rdf/resource/0279e98e-eea4-4041-8e60-013c8d305c4f,"Nea Mone, Gedeon 8"
https://r11.eu/rdf/resource/0ee153c3-59ca-45e0-9909-0ba64c3e05a7,"Theophylaktos of Ohrid, Letters 18"
https://r11.eu/rdf/resource/2ad40fba-82a6-4d8e-8965-66dec5c59ca5,"Theophylaktos of Ohrid, Letters 18"
https://r11.eu/rdf/resource/07ef53a0-ba6f-4798-b356-a702fc2c4d27,"Theophylaktos of Ohrid, Letters 18"
https://r11.eu/rdf/resource/1f53c537-4b1d-4525-aad9-610ced7e04af,"Theophylaktos of Ohrid, Letters 18"
https://r11.eu/rdf/resource/cc2f998e-59e0-4043-a69b-4b69cdb5cf27,"Theophylaktos of Ohrid, Letters 10"
https://r11.eu/rdf/resource/18636d87-a2da-487a-976d-5a3f4b3d686a,"Theophylaktos of Ohrid, Letters 11"
https://r11.eu/rdf/resource/6102e976-1191-4740-8887-abe9a64dc650,"Theophylaktos of Ohrid, Letters 11"
https://r11.eu/rdf/resource/f7f04d9f-0976-4b9c-8566-d2bdd4a4323d,"Theophylaktos of Ohrid, Letters 11"
https://r11.eu/rdf/resource/3303833c-c934-4794-8461-75eb85386374,"Theophylaktos of Ohrid, Letters 10"
https://r11.eu/rdf/resource/60eb560a-b92e-4719-b333-6104d3a7fa6e,"Theophylaktos of Ohrid, Letters 49"
https://r11.eu/rdf/resource/b03c12a2-6003-4123-a4a7-1631a1b16d5c,Lavra 39
https://r11.eu/rdf/resource/cec24e74-0b90-4f7a-af28-32357a83caaf,Lavra 39
https://r11.eu/rdf/resource/5cc9d1fc-245c-4f17-8925-6d1d5e67384b,Lavra 39
https://r11.eu/rdf/resource/f6f0be68-3962-4b82-8d5a-19e637c7e8d5,Panteleemon 3
https://r11.eu/rdf/resource/4ee78e53-f549-4487-8d6d-cc1369e07e5d,Panteleemon 3
https://r11.eu/rdf/resource/2e36fb9d-85b7-4721-b231-132f59a782dc,Panteleemon 3
https://r11.eu/rdf/resource/5e65fa2a-29d7-4c29-893b-f7f26b6281e3,Panteleemon 3
https://r11.eu/rdf/resource/483ac19b-54ff-407d-9f52-36c8e36280e3,Lavra 31
https://r11.eu/rdf/resource/85214e01-9f71-4f85-bbb2-ac53ca4b86e3,Vatopedi 7
https://r11.eu/rdf/resource/86a5e2e9-35d8-49fa-9e88-ce7c40bc6132,Vatopedi 7
https://r11.eu/rdf/resource/2282ccc1-283c-49b1-a90b-bc140d66400e,Vatopedi 7
https://r11.eu/rdf/resource/d7dd940e-29af-48f2-8379-b9ff6e3c0cf3,Panteleemon 4
https://r11.eu/rdf/resource/c511e263-3e1e-490a-94af-dd1777d7d269,Xeropotamou 5
https://r11.eu/rdf/resource/ef2c4cdc-8ba0-4f33-948a-b05688ac25dd,Panteleemon 4
https://r11.eu/rdf/resource/8d5d9652-2dfd-4db3-b81d-7c816312439f,Xeropotamou 5
https://r11.eu/rdf/resource/5c9c2e74-9e49-423b-91c6-b2daa9f58e88,Panteleemon 4
https://r11.eu/rdf/resource/63dea5ca-296b-47c5-b668-33ebd07c0263,Lavra 47
https://r11.eu/rdf/resource/7b274acf-2bce-49c7-bc19-c6eadefa968b,Lavra 47
https://r11.eu/rdf/resource/a5febf3a-bbaf-4817-b3e3-c26d555ca765,Kleinchroniken 14
https://r11.eu/rdf/resource/be10ea69-e9c2-4f1f-9eee-6a69462c2247,Kleinchroniken 15
https://r11.eu/rdf/resource/ebac9770-c08c-443a-8a00-7cbcde461131,Kleinchroniken 15
https://r11.eu/rdf/resource/d87ecda8-03e4-420e-be71-6c1f333a7c1a,Kleinchroniken 15
https://r11.eu/rdf/resource/15526cb9-d21a-441e-8aa6-f17e623f8af0,Kleinchroniken 14
https://r11.eu/rdf/resource/5ae034e0-4dd3-4792-bd7d-c5bcce23b521,Lavra 43
https://r11.eu/rdf/resource/b9b92d93-9898-4504-bafd-695a443bbb37,Vatopedi 11
https://r11.eu/rdf/resource/e211bb60-5532-4286-9d22-155b7177578a,Vatopedi 11
https://r11.eu/rdf/resource/3362ee7b-1c82-4038-b079-45ba8e4e6a38,"Theophylaktos of Ohrid, Letters 10"
https://r11.eu/rdf/resource/975f1032-87dd-4549-8a20-97fe551fbcbd,"Theophylaktos of Ohrid, Letters 10"
https://r11.eu/rdf/resource/e8c23d65-1bcb-4554-89e1-73e1ccf5aa2c,Lavra 51
https://r11.eu/rdf/resource/9237b5dc-06dd-4f46-8889-c0b1a6b74836,Lavra 51
https://r11.eu/rdf/resource/402ebbb2-d754-46dc-b0ac-4642700a01c9,Xenophontos 2
https://r11.eu/rdf/resource/3498ecc9-06d6-4beb-a738-7d99eb1be6e7,Esphigmenou 5
https://r11.eu/rdf/resource/ada9c539-25bd-4018-b1a3-705e842db397,"Theophylaktos of Ohrid, Letters 22"
https://r11.eu/rdf/resource/ab1d5058-70ae-4fe5-913c-8797959af890,Panteleemon 4
https://r11.eu/rdf/resource/9de01026-0098-4b8f-81c0-8e0e88b4aa32,Panteleemon 4
https://r11.eu/rdf/resource/13b6e94e-af09-4056-9a58-aee0d6d7fbf3,Vatopedi 8
https://r11.eu/rdf/resource/a301df29-f40b-46c6-bfe3-4b4e1a642f6f,Vatopedi 8
https://r11.eu/rdf/resource/cf9c57b1-643f-492a-96a9-1d9573c5350a,Kleinchroniken 14
https://r11.eu/rdf/resource/baeca68c-7e66-4627-ade8-9b47a118df9b,Kleinchroniken 15
https://r11.eu/rdf/resource/8cf1533c-c655-4058-ab77-508657e691f8,Kleinchroniken 14
https://r11.eu/rdf/resource/44150534-1b8b-4ff0-bb73-64261d9b3356,Kleinchroniken 14
https://r11.eu/rdf/resource/7576af61-0882-42d1-943c-39b661c0d8bf,Mauropous: Orations 58
https://r11.eu/rdf/resource/54f84f6e-4ea9-4827-ba1d-846a4646900b,Mauropous: Orations 71-72
https://r11.eu/rdf/resource/76022c97-433a-4f0f-afc9-096802a6d549,Mauropous: Orations 71-72
https://r11.eu/rdf/resource/65bb4ca2-24d3-4b59-bbf9-f19046e79f7c,Lavra 31
https://r11.eu/rdf/resource/c36010c6-ebe0-437c-9cb4-654985cf6e19,Lavra 33
https://r11.eu/rdf/resource/b1452983-89a9-450e-9e25-729ae9dbb33f,Lavra 31
https://r11.eu/rdf/resource/2f048fdd-a546-4c88-8d08-e59f04ce1ed3,Vatopedi 11
https://r11.eu/rdf/resource/63f2916c-03c7-44f8-bbb1-8e88463e3111,Vatopedi 11
https://r11.eu/rdf/resource/5a2528be-81b3-4cae-bdb6-9b009c53441f,Panteleemon 4
https://r11.eu/rdf/resource/3af87ce5-3f32-42d8-94f0-171e17e3b794,Kleinchroniken 15
https://r11.eu/rdf/resource/2009f67f-38de-41bf-aa1a-61fff2fae738,Kleinchroniken 15
https://r11.eu/rdf/resource/c532b0a5-a527-4097-8c9d-a3c244ee918b,Kleinchroniken 14
https://r11.eu/rdf/resource/24e9fddb-6070-469d-a6f1-ecafa93033d3,Kleinchroniken 14
https://r11.eu/rdf/resource/6f85b9b9-c330-4520-970c-f45c3b3d3293,Kleinchroniken 17
https://r11.eu/rdf/resource/44ea1506-e41c-4fbd-8953-73f95313c772,Lavra 33
https://r11.eu/rdf/resource/b41813e0-3d72-43c1-9ec5-a1ce931856db,Lavra 33
https://r11.eu/rdf/resource/fe73f571-1f65-4de2-869b-381b3360e155,Lavra 33
https://r11.eu/rdf/resource/81d10b0e-44c6-4e36-abaf-0634b01b1d0a,Lavra 36
https://r11.eu/rdf/resource/9887a6ae-aea2-4509-acbc-092e12792b83,Vatopedi 8
https://r11.eu/rdf/resource/d9c8923b-f190-4efd-a55b-1ca264cfd1a8,Vatopedi 8
https://r11.eu/rdf/resource/b9a83986-8ba5-419a-82f5-bbc76cff0db5,Vatopedi 8
https://r11.eu/rdf/resource/2c7a9574-5cb1-4e7a-a364-d32712d53a6b,Kleinchroniken 16
https://r11.eu/rdf/resource/b3510f98-5fa8-4677-816b-9e2deee498e5,Kleinchroniken 16
https://r11.eu/rdf/resource/3b37d22c-d51b-43d5-a0b4-0ce8947746aa,"Nea Mone, Gedeon 8"
https://r11.eu/rdf/resource/c45c2e64-f5b0-4712-abab-601a02a13499,"Nea Mone, Gedeon 8"
https://r11.eu/rdf/resource/c946fafa-d6f8-451c-a946-bc14bb09b635,"Theophylaktos of Ohrid, Letters 32"
https://r11.eu/rdf/resource/a829713a-5f2f-4fc9-bcfb-b070d19e9958,"Theophylaktos of Ohrid, Letters 32"
https://r11.eu/rdf/resource/cc7fb824-b629-453d-85e0-d18d6740258c,Esphigmenou 5
https://r11.eu/rdf/resource/1a6b5ec5-2b5b-40bb-82dc-d36010bddd54,Esphigmenou 5
https://r11.eu/rdf/resource/a981041b-a560-40e5-baff-db2a3d74835a,Esphigmenou 5
https://r11.eu/rdf/resource/07d68a0f-fa68-4a20-87b2-621c37dc55a3,"Theophylaktos of Ohrid, Letters 127"
https://r11.eu/rdf/resource/df7e8a16-3a10-4c08-9283-a4d316bc5e04,Lavra 35
https://r11.eu/rdf/resource/85c3d44b-bc24-4a46-a98e-066471748f2a,Lavra 35
https://r11.eu/rdf/resource/10dca8fd-112b-4cc4-9832-0d385c0714dc,Lavra 35
https://r11.eu/rdf/resource/f99cff0b-7822-4987-ac9f-2a372fdc628f,Lavra 35
https://r11.eu/rdf/resource/3a00427d-631b-4fc6-bdc3-7517ff208bb4,Kleinchroniken 14
https://r11.eu/rdf/resource/d24bbdb6-ce58-4b57-9fa6-051c68e043ab,Kleinchroniken 15
https://r11.eu/rdf/resource/e08c1083-daf0-40c0-9193-fe38ab837189,Kleinchroniken 17
https://r11.eu/rdf/resource/2e031df3-bef6-4afb-a04c-90ef2391bc1f,Kleinchroniken 14
https://r11.eu/rdf/resource/d157d527-e827-4666-8d3d-ec25ad2711ce,Kleinchroniken 15
https://r11.eu/rdf/resource/32713eed-43ee-424c-a9d8-f36ec790eb26,Protaton 9
https://r11.eu/rdf/resource/73a055ae-72dd-48e7-bf61-f3fed0c8fa47,Mauropous: Orations 66
https://r11.eu/rdf/resource/73e5ea4e-7bfb-4565-bd13-b17712b3c38a,Lavra 39
https://r11.eu/rdf/resource/90738f94-85bd-4f59-b7d8-978d35d46684,Lavra 39
https://r11.eu/rdf/resource/ea903c1c-95e5-4c7e-8274-4a751a5d2d44,Lavra 39
https://r11.eu/rdf/resource/f1d67c52-d590-4de7-ac48-697296b34f68,Esphigmenou 4a
https://r11.eu/rdf/resource/e5500032-dd8c-46cc-910f-41b52decab38,Esphigmenou 4a
https://r11.eu/rdf/resource/2473b514-4c6f-4d60-b413-091f916a6ca1,Esphigmenou 4a
https://r11.eu/rdf/resource/6e93cbb4-85cc-4757-b3ca-5b7a7531279a,Xeropotamou 5
https://r11.eu/rdf/resource/3f47b27e-a403-456e-914a-ff186d2a1562,Xeropotamou 5
https://r11.eu/rdf/resource/e1f61b47-42e8-482e-8e80-6a38e85ae712,Kleinchroniken 14
https://r11.eu/rdf/resource/aaf6b0aa-2a28-419d-a521-6e9b41c820b2,"Theophylaktos of Ohrid, Letters 18"
https://r11.eu/rdf/resource/674d9327-ee3e-4984-b510-cb57be9de958,Lavra 35
https://r11.eu/rdf/resource/4045bdb6-a08f-4d5b-9498-9e8a425e6600,Panteleemon 5
https://r11.eu/rdf/resource/0421e624-93ce-4d2b-a8a8-bdd49e6814a8,Panteleemon 5
https://r11.eu/rdf/resource/8ca97136-b2f0-449f-874c-2dc0c730b10f,Panteleemon 5
https://r11.eu/rdf/resource/62d3a242-c143-4e70-bc2a-ad0ae0604c93,Kleinchroniken 14
https://r11.eu/rdf/resource/6b6b7b69-0ce3-4bb9-8a07-64e60c08036f,Kleinchroniken 15
https://r11.eu/rdf/resource/2977fc14-8c69-4b61-808f-a165a8f90cf3,Kleinchroniken 15
https://r11.eu/rdf/resource/f807f4a8-0b8b-42ce-852f-4884f79d00bf,Kleinchroniken 15
https://r11.eu/rdf/resource/e6218174-68c7-4f46-8c7f-a89cdcb04bf6,Kleinchroniken 16
https://r11.eu/rdf/resource/1f3bf0dd-fccc-4646-b93a-21dc8d91e569,Kleinchroniken 14
https://r11.eu/rdf/resource/edfe5abd-0a45-45ba-84d1-78fe899a0970,Kleinchroniken 14
https://r11.eu/rdf/resource/b490e947-e43f-4ef3-8005-20d815f385bb,Kleinchroniken 16
https://r11.eu/rdf/resource/a041ba58-941b-4a39-a65a-9fb357b20cce,Kleinchroniken 14
https://r11.eu/rdf/resource/96f6d866-69be-4c09-9d05-d8b856f661a5,Kleinchroniken 15
https://r11.eu/rdf/resource/3e655f28-ec2f-44ae-957f-3582c9fb0653,Kleinchroniken 14
https://r11.eu/rdf/resource/91a2fe45-ce25-4495-948d-a0d122326d2c,Kleinchroniken 16
https://r11.eu/rdf/resource/e8b02817-c887-4aa5-a83e-7ef475ec3c59,Kleinchroniken 16
https://r11.eu/rdf/resource/be2afd51-1356-450f-be7e-94f7ca9baa98,Kleinchroniken 15
https://r11.eu/rdf/resource/c4c42108-eca4-4924-88cd-d92d35d1cf4f,Kleinchroniken 14
https://r11.eu/rdf/resource/60c0dbd1-f8ae-4126-8e18-926ce3d6868f,Kleinchroniken 15
https://r11.eu/rdf/resource/00f71e42-0cf5-4e56-bbf1-9c82c34839ae,Kleinchroniken 14
https://r11.eu/rdf/resource/c1c65e39-b549-4a5a-8356-8997e395c82d,Lavra 32
https://r11.eu/rdf/resource/92f6fc60-a444-4579-b2ca-378b9859f227,Lavra 32
https://r11.eu/rdf/resource/a72d1ffb-fd2a-41cf-aa09-dc08279530c9,Lavra 32
https://r11.eu/rdf/resource/6d50e6d1-cb4e-45b3-850e-02edbe8a7d5c,Panteleemon 5
https://r11.eu/rdf/resource/0315d61a-d20a-4a20-b35c-31a7fff274e5,Kleinchroniken 14
https://r11.eu/rdf/resource/8adebe14-586c-431d-8c48-052f1854b6ac,Kleinchroniken 14
https://r11.eu/rdf/resource/d49cf06e-7eb5-4eec-8537-cb1bb5d9e23b,Kleinchroniken 14
https://r11.eu/rdf/resource/ee2ef638-26e1-4b08-9c91-c95a56528ab5,Kleinchroniken 14
https://r11.eu/rdf/resource/f4c8d809-1863-4715-93ed-658556e7b488,Kleinchroniken 14
https://r11.eu/rdf/resource/dce7e48e-395a-42ac-9513-367bb3613928,Kleinchroniken 14
https://r11.eu/rdf/resource/35c21cd6-fc74-45a5-8928-85598439918d,Kleinchroniken 14
https://r11.eu/rdf/resource/60245c4e-6ec3-4137-aa18-f7ac2a2eeaf3,"Psellos, Oratoria minora 3"
https://r11.eu/rdf/resource/e42e624e-73a6-422b-9cf8-32e62517040d,"Psellos, Oratoria minora 3"
https://r11.eu/rdf/resource/4530e540-0ff9-41e7-abf4-532615e3e2f7,Lavra 36
https://r11.eu/rdf/resource/c379a180-ec32-4830-87b6-14f2d4c2939a,Xenophontos 2
https://r11.eu/rdf/resource/e6e7ccfd-3963-406e-a30a-407edc323223,"Psellos, Oratoria minora 2"
https://r11.eu/rdf/resource/7479c958-07a6-4a1f-bc29-e9c3a05fa6fc,"Psellos, Oratoria minora 1"
https://r11.eu/rdf/resource/0b7b6918-0255-405e-b507-1118c050cc3c,"Theophylaktos of Ohrid, Letters 27"
https://r11.eu/rdf/resource/fbf0a6f7-343d-48f2-b2a6-73c67b7a7c3a,"Theophylaktos of Ohrid, Letters 27"
https://r11.eu/rdf/resource/1997d703-593a-4f9d-aa9a-6217fdc852f7,"Theophylaktos of Ohrid, Letters 132"
https://r11.eu/rdf/resource/f30ac479-8318-4414-9bab-55e8a6a17cf4,"Theophylaktos of Ohrid, Letters 27"
https://r11.eu/rdf/resource/095b0e13-85a7-4f82-b689-43b1f1aab980,"Theophylaktos of Ohrid, Letters 27"
https://r11.eu/rdf/resource/7c96fd05-aa2c-4258-aaf1-b85636dfb472,"Theophylaktos of Ohrid, Letters 21"
https://r11.eu/rdf/resource/93b2b7fd-8666-42b0-bd82-2a86fb60129a,"Theophylaktos of Ohrid, Letters 21"
https://r11.eu/rdf/resource/4ff1859d-178f-4f2f-bad3-f251f28322f8,"Theophylaktos of Ohrid, Letters 21"
https://r11.eu/rdf/resource/2d2d5359-09f7-474b-89fd-2863fe15be92,"Theophylaktos of Ohrid, Letters 23"
https://r11.eu/rdf/resource/53c23880-2bc2-4ae4-b6c7-acd086f53eb1,"Theophylaktos of Ohrid, Letters 23"
https://r11.eu/rdf/resource/52325812-19fd-46a8-af76-4fd65e995952,"Theophylaktos of Ohrid, Letters 23"
https://r11.eu/rdf/resource/29de5943-343d-40f2-8202-d9d12c5c8c65,Lavra 29
https://r11.eu/rdf/resource/d5c1308e-de0f-4290-a1b5-b648812019e1,Lavra 29
https://r11.eu/rdf/resource/00004e86-fb0a-4e3f-9d0b-7334fda922f8,Kleinchroniken 14
https://r11.eu/rdf/resource/ba013ed3-5551-4512-a489-a764257eda22,Kleinchroniken 14
https://r11.eu/rdf/resource/a1617545-97eb-46e0-b786-7b195b47cfe1,Kleinchroniken 15
https://r11.eu/rdf/resource/550a5b76-3903-496d-8d36-cb7d24c86717,Lavra 41
https://r11.eu/rdf/resource/f68a2ee1-0940-4808-a107-6ede2727293b,Lavra 44
https://r11.eu/rdf/resource/7fa2bc34-82ba-4cda-8295-2241409c9d47,Lavra 39
https://r11.eu/rdf/resource/ce6cf2ed-791a-4f54-89be-e61b99212899,Lavra 41
https://r11.eu/rdf/resource/97b73c58-fa7c-4fe9-aa06-0afdf3d2cca5,Lavra 41
https://r11.eu/rdf/resource/afa36370-5e8a-4f49-8dbc-247fed819da2,Vatopedi 10
https://r11.eu/rdf/resource/dd15449c-452e-4bc6-a5a5-2272f901901d,"Theophylaktos of Ohrid, Letters 30"
https://r11.eu/rdf/resource/cbeda366-00d5-4f94-b9f3-eaef84ace8a2,Kleinchroniken 16
https://r11.eu/rdf/resource/df119bc1-f84a-4fd7-8c6f-c3d2acfec748,Kleinchroniken 16
https://r11.eu/rdf/resource/8fe318b5-ef4a-47e7-aebf-f1efc8f996b8,Kleinchroniken 16
https://r11.eu/rdf/resource/3bcd4d53-4a4e-43e8-a1f0-96e5865a0fe5,"Theophylaktos of Ohrid, Letters 13"
https://r11.eu/rdf/resource/dcc68800-7193-44d6-8f46-9a752a6097c9,"Theophylaktos of Ohrid, Letters 9"
https://r11.eu/rdf/resource/f8f62b2e-a762-4535-8819-7b207ce29bdf,"Theophylaktos of Ohrid, Letters 9"
https://r11.eu/rdf/resource/955bab80-b007-4983-a090-0971f6ae6653,"Theophylaktos of Ohrid, Letters 9"
https://r11.eu/rdf/resource/a49ca6fa-58a7-4981-a9d1-e16c5aa55fde,"Theophylaktos of Ohrid, Letters 13"
https://r11.eu/rdf/resource/daefe1f0-039c-43ba-8cbd-eb36cc1399de,"Theophylaktos of Ohrid, Letters 13"
https://r11.eu/rdf/resource/f41bf055-6731-4ee4-91b2-1063c0e599f2,"Theophylaktos of Ohrid, Letters 13"
https://r11.eu/rdf/resource/700885dc-8bad-4869-9875-2661255ae883,Xeropotamou 5
https://r11.eu/rdf/resource/5eddc07b-0c7e-4117-93f6-1bfe66a9e3e8,Panteleemon 5
https://r11.eu/rdf/resource/40ea6463-01b0-4d0c-ac18-ddd66b79b7ed,Xeropotamou 5
https://r11.eu/rdf/resource/d2b7f616-4fc5-4d15-8154-a5ae78017823,Panteleemon 5
https://r11.eu/rdf/resource/677419e4-28bf-4c7e-b3ce-2bb841dc435d,Niketas Stethatos (Darrouzes) 12
https://r11.eu/rdf/resource/4e618b0f-8366-4a52-abd4-c5e9e9acc8e6,Niketas Stethatos (Darrouzes) 8
https://r11.eu/rdf/resource/24475a44-f795-4f73-8bc7-dd9c140e4d75,"Theophylaktos of Ohrid, Letters 7"
https://r11.eu/rdf/resource/1e488eec-c693-492b-85be-bfbaba143a1a,"Theophylaktos of Ohrid, Letters 70"
https://r11.eu/rdf/resource/f24ef65f-6b00-41ac-b322-0dced4fb9df5,"Theophylaktos of Ohrid, Letters 7"
https://r11.eu/rdf/resource/b0091e9f-1c96-41f5-ad39-06cb5605c1cf,"Theophylaktos of Ohrid, Letters 7"
https://r11.eu/rdf/resource/8aa64c55-b196-41be-a64c-e0bb8f706bb3,"Theophylaktos of Ohrid, Letters 40"
https://r11.eu/rdf/resource/8f6f9be9-7cfe-4837-8677-0e371b88f5e7,"Theophylaktos of Ohrid, Letters 40"
https://r11.eu/rdf/resource/aa465d2f-b475-40e7-80c7-acad565e66a9,"Theophylaktos of Ohrid, Letters 83"
https://r11.eu/rdf/resource/f38e4038-760a-4a2c-b13c-9ed3844af6bc,Lavra 41
https://r11.eu/rdf/resource/932d9b38-1127-4e9f-ae8c-9b4742f6bc54,Lavra 41
https://r11.eu/rdf/resource/499182d0-4170-4099-94be-a3c80fef9da0,"Theophylaktos of Ohrid, Letters 25"
https://r11.eu/rdf/resource/35a4c319-e52d-40d1-9c0c-b7fe6ce74bab,"Theophylaktos of Ohrid, Letters 29"
https://r11.eu/rdf/resource/3ee66ce3-73d8-4c32-8682-48f12e5ef5a3,"Theophylaktos of Ohrid, Letters 25"
https://r11.eu/rdf/resource/85f417dc-9ff2-4c2e-a304-b370c09b3fe1,"Theophylaktos of Ohrid, Letters 75"
https://r11.eu/rdf/resource/9979da28-4dfb-48ae-bc91-8f2413a45301,"Theophylaktos of Ohrid, Letters 23"
https://r11.eu/rdf/resource/860b7768-5239-434b-8bff-d712e35aff81,"Theophylaktos of Ohrid, Letters 23"
https://r11.eu/rdf/resource/cfed2051-7b35-4dbb-b401-6e15e258d436,"Theophylaktos of Ohrid, Letters 32"
https://r11.eu/rdf/resource/82dab0e2-1b34-4bec-ae4a-7890c4683153,Lavra 35
https://r11.eu/rdf/resource/1f4b0110-1963-4884-a7bc-c29ac4541b81,Lavra 35
https://r11.eu/rdf/resource/7ad07c82-86c6-4d99-8abf-e5a33cabbe68,Lavra 35
https://r11.eu/rdf/resource/0c15ac67-5aa3-4957-867a-6c59fa865b18,Lavra 35
https://r11.eu/rdf/resource/9accbf5c-db17-4c71-b3a7-02d054b63bd0,Lavra 35
https://r11.eu/rdf/resource/3a53bae4-c224-413b-80ee-2f57a784c037,Panteleemon 5
https://r11.eu/rdf/resource/c670d6c7-046e-4ee0-9f3f-af48d0e8405e,Xeropotamou 5
https://r11.eu/rdf/resource/7c835027-8eb7-41f7-b489-a9ca323801d5,Panteleemon 5
https://r11.eu/rdf/resource/9963f365-f667-455b-b0d6-b1459caace40,"Theophylaktos of Ohrid, Letters 28"
https://r11.eu/rdf/resource/d08cf173-e2c6-4d9e-ad94-832ce9cbf02a,Vatopedi 7
https://r11.eu/rdf/resource/0837805f-913b-402a-8e06-3e9ea791dfea,Vatopedi 7
https://r11.eu/rdf/resource/cb1854ab-50db-4a32-a7f1-cfd29f76b0c2,Vatopedi 7
https://r11.eu/rdf/resource/da68a17d-dad6-4b50-9efe-6a61f9a4c89e,Vatopedi 9
https://r11.eu/rdf/resource/676e2370-c383-4dd8-a427-7388ee2238c4,Panteleemon 6
https://r11.eu/rdf/resource/d69e5bce-a95b-484e-ab34-d0fe7bab44d3,Panteleemon 6
https://r11.eu/rdf/resource/28aa9026-1ca0-4b5c-a01e-fe6c54569978,"Theophylaktos of Ohrid, Letters 21"
https://r11.eu/rdf/resource/2e95f2b2-f1ec-434e-8bfb-4d4f9ff02613,"Theophylaktos of Ohrid, Letters 21"
https://r11.eu/rdf/resource/d1232196-6e8b-437d-93bb-dffb24ee63d4,Kleinchroniken 14
https://r11.eu/rdf/resource/093f8618-8ad0-4299-9b81-61afe0cdc394,Kleinchroniken 17
https://r11.eu/rdf/resource/c2c4ba26-2aea-4acc-9ea5-98a1d3d4f5c5,Kleinchroniken 16
https://r11.eu/rdf/resource/d52df03b-086c-4be7-b4de-f1bec6466f0c,Kleinchroniken 14
https://r11.eu/rdf/resource/fa138f69-ea9b-40cc-ae7c-f71b9c1f3a10,Kleinchroniken 14
https://r11.eu/rdf/resource/c64cff8b-37b2-46fe-8045-64dc89ffa53d,"Psellos, Oratoria minora 2"
https://r11.eu/rdf/resource/612e7a64-e539-4b11-9597-9286a73d6cf4,"Psellos, Oratoria minora 2"
https://r11.eu/rdf/resource/66e53d76-42aa-44cb-a36e-36d3467a58b3,"Nea Mone, Gedeon 12"
https://r11.eu/rdf/resource/1aeafa0b-2716-4c64-b4d7-173cb5839814,"Theophylaktos of Ohrid, Letters 17"
https://r11.eu/rdf/resource/a58fa33d-1392-4240-96f8-b7d82b6bc8b5,"Theophylaktos of Ohrid, Letters 37"
https://r11.eu/rdf/resource/4662cb13-27e8-420e-af4b-82988b7b6a19,Esphigmenou 3
https://r11.eu/rdf/resource/dd2fa9a4-a63d-413f-87b7-ce22ebadaa2d,Esphigmenou 3
https://r11.eu/rdf/resource/21755387-29a1-4ec4-ac7d-a1833e0be3ef,Xeropotamou 5
https://r11.eu/rdf/resource/71837f26-ff93-4142-9928-19dc37ba45e7,Kleinchroniken 16
https://r11.eu/rdf/resource/fbe9eee4-7a81-4067-8cd1-e15d7c0e09ed,Kleinchroniken 14
https://r11.eu/rdf/resource/34a9cb01-b219-4f86-adbc-44199bae13f8,Kleinchroniken 16
https://r11.eu/rdf/resource/db761e78-ef9d-4a5a-a6e9-ad5f850efbc4,Kleinchroniken 14
https://r11.eu/rdf/resource/f9e95479-ac90-4829-9f45-e9f15737cd79,Kleinchroniken 16
https://r11.eu/rdf/resource/101a6979-3522-477e-8fc5-32a7f463a8cc,Kleinchroniken 16
https://r11.eu/rdf/resource/38f4ed8f-33a3-422b-812b-d999ff948185,Mauropous: Orations 55
https://r11.eu/rdf/resource/7d03759d-0750-4ec5-9bfe-067bdb5b80ee,Mauropous: Orations 55
https://r11.eu/rdf/resource/b69dbe1c-9ee5-4f44-8a28-410a10064b83,"Nea Mone, Miklosich-Müller 4"
https://r11.eu/rdf/resource/8e7f1dba-af20-48e9-8061-0915a687d0ab,"Nea Mone, Miklosich-Müller 4"
https://r11.eu/rdf/resource/b27536a7-751f-496a-bf6b-2b424f83c5bf,"Theophylaktos of Ohrid, Letters 28"
https://r11.eu/rdf/resource/fc08162c-8bd0-4b8e-b6af-6f0f18edc910,"Theophylaktos of Ohrid, Letters 28"
https://r11.eu/rdf/resource/eba7fcab-8f93-4efd-94c6-573b81d23891,"Theophylaktos of Ohrid, Letters 28"
https://r11.eu/rdf/resource/174d3ab1-f590-4b83-a8b0-6393e4554374,"Theophylaktos of Ohrid, Letters 127"
https://r11.eu/rdf/resource/ef15acdb-d534-4d8e-968e-3108f8ac8771,"Theophylaktos of Ohrid, Letters 127"
https://r11.eu/rdf/resource/912b1699-0fb0-4812-b82f-41635a8a2e1d,"Theophylaktos of Ohrid, Letters 127"
https://r11.eu/rdf/resource/3c27b0db-6ae6-4069-aa6e-0619337fec16,Xeropotamou 5
https://r11.eu/rdf/resource/ccae5c43-0931-4411-bc1a-73b66b9be741,Panteleemon 5
https://r11.eu/rdf/resource/476863b4-ffcf-4b75-8573-70bc772af52b,Vatopedi 8
https://r11.eu/rdf/resource/93ba84df-ee44-46b6-b44c-9564f95bdee9,Vatopedi 8
https://r11.eu/rdf/resource/e77ab831-4770-4c44-b3c8-fe0930f33144,Panteleemon 6
https://r11.eu/rdf/resource/b9ef7e52-dced-48fe-8954-e2725fdce4e0,Panteleemon 6
https://r11.eu/rdf/resource/6409c328-50be-4501-9e67-6230f029d147,Panteleemon 6
https://r11.eu/rdf/resource/ae6c6c56-750a-446d-bc83-822059e9a2fd,"Theophylaktos of Ohrid, Letters 8"
https://r11.eu/rdf/resource/89a90f83-6c8b-4e4f-a803-0177ba3bdaa7,"Theophylaktos of Ohrid, Letters 8"
https://r11.eu/rdf/resource/ca61fadf-3bb3-4f3e-ac15-be2f358627d9,"Theophylaktos of Ohrid, Letters 8"
https://r11.eu/rdf/resource/733d0332-6d36-4539-becf-8ab48a50d438,"Theophylaktos of Ohrid, Letters 42"
https://r11.eu/rdf/resource/0931f64b-5370-4bae-a8bf-f1ac8f11125a,Kleinchroniken 16
https://r11.eu/rdf/resource/75b5ab95-86fb-4843-a798-d99041595bd1,Kleinchroniken 16
https://r11.eu/rdf/resource/1300b95a-4485-41a0-ba00-d74b9558b130,Kleinchroniken 14
https://r11.eu/rdf/resource/05e4ca36-3529-42ec-859f-12128c4b0e8e,Esphigmenou 4a
https://r11.eu/rdf/resource/1acf4353-34fb-4374-adf0-895966135d67,Esphigmenou 4a
https://r11.eu/rdf/resource/6c0cc911-98f9-4059-930e-d42fc316d980,"Psellos, Oratoria minora 2"
https://r11.eu/rdf/resource/49076095-0296-4980-aa3b-bbf069e8bb31,"Psellos, Oratoria minora 2"
https://r11.eu/rdf/resource/fb691711-852b-4ad4-950d-09f777fd12e0,"Psellos, Oratoria minora 2"
https://r11.eu/rdf/resource/6e333107-22e6-4da2-a403-fc00f3b0072b,"Psellos, Oratoria minora 2"
https://r11.eu/rdf/resource/ef058fa4-1eb6-4ad3-81b0-f2261c8130c9,"Psellos, Oratoria minora 2"
https://r11.eu/rdf/resource/5dc4d3e2-c933-4672-bf42-04a00ffc0eec,"Psellos, Oratoria minora 2"
https://r11.eu/rdf/resource/7c9f15b2-8d90-4752-8f1d-a466b765b15e,"Psellos, Oratoria minora 2"
https://r11.eu/rdf/resource/b1e8b85c-3948-42f0-877f-110ce48652d1,"Psellos, Oratoria minora 2"
https://r11.eu/rdf/resource/d033c2d8-8f8e-44ad-b091-f160f330e225,"Psellos, Oratoria minora 2"
https://r11.eu/rdf/resource/0ff2d56d-a200-4e25-b145-0d3fc6fa5a83,"Psellos, Oratoria minora 2"
https://r11.eu/rdf/resource/e11fcd4e-8531-435d-bc63-68923d4d67e9,"Psellos, Oratoria minora 2"
https://r11.eu/rdf/resource/26968016-aacd-4ab2-865a-6898cdc3324d,"Psellos, Oratoria minora 2"
https://r11.eu/rdf/resource/9cb40605-c804-4bd4-aa15-bbdcaf7afd9e,"Psellos, Oratoria minora 2"
https://r11.eu/rdf/resource/84605850-5f36-4405-96d4-fa530a490093,"Psellos, Oratoria minora 2"
https://r11.eu/rdf/resource/d78d5c0f-4406-4626-bba1-d1d109f0356a,"Psellos, Oratoria minora 2"
https://r11.eu/rdf/resource/6e993284-09ff-4cd1-b86a-0a0ccc0394c2,"Psellos, Oratoria minora 2"
https://r11.eu/rdf/resource/7c045fe3-14df-4b81-a8e4-755d7d0c991e,"Psellos, Oratoria minora 2"
https://r11.eu/rdf/resource/ecb0b28a-e04f-4b5f-88ab-c1a2458bc69d,"Psellos, Oratoria minora 2"
https://r11.eu/rdf/resource/cc30ac10-ae4a-40f2-bcc1-f53d89b05043,"Psellos, Oratoria minora 2"
https://r11.eu/rdf/resource/0cde5eb1-af12-4777-b3ea-4c407c0e27b8,"Psellos, Oratoria minora 2"
https://r11.eu/rdf/resource/fad4b9f5-bca8-4e7a-940b-ad372e64e0fb,"Psellos, Oratoria minora 2"
https://r11.eu/rdf/resource/4428d66b-e42f-402b-a7aa-710f76764981,"Psellos, Oratoria minora 2"
https://r11.eu/rdf/resource/677ae934-9848-465d-89ac-0dcb1121384f,"Psellos, Oratoria minora 2"
https://r11.eu/rdf/resource/9d84beed-61d7-4899-9d54-b4734b906ca4,"Psellos, Oratoria minora 2"
https://r11.eu/rdf/resource/b04d8802-365d-4524-a17d-e5ab3c856f15,"Psellos, Oratoria minora 2"
https://r11.eu/rdf/resource/bcda4cdc-b208-46e2-8d0d-5fe78760abd5,"Psellos, Oratoria minora 2"
https://r11.eu/rdf/resource/389fbeb7-c60f-4329-b574-21ab94db09f5,"Psellos, Oratoria minora 2"
https://r11.eu/rdf/resource/12770e6f-463b-4ce0-b116-fc53fcbe5ba5,"Psellos, Oratoria minora 2"
https://r11.eu/rdf/resource/e81f1808-405b-4364-832c-83ae7f854f11,"Psellos, Oratoria minora 2"
https://r11.eu/rdf/resource/9526d432-4173-4680-a935-46f5b3ada63b,"Psellos, Oratoria minora 2"
https://r11.eu/rdf/resource/936b09a2-4307-48ed-96c1-5879d23d7527,"Psellos, Oratoria minora 2"
https://r11.eu/rdf/resource/d175e0fd-9f18-475a-8be6-18e081b47448,"Psellos, Oratoria minora 2"
https://r11.eu/rdf/resource/4040628c-d4cd-4824-97b4-d9f55f0d78fb,"Psellos, Oratoria minora 2"
https://r11.eu/rdf/resource/8281acd7-78f5-4019-be33-266f624d845b,"Psellos, Oratoria minora 2"
https://r11.eu/rdf/resource/6577c6fb-1d98-4c24-9b8a-0ac267b6f6ca,"Psellos, Oratoria minora 2"
https://r11.eu/rdf/resource/fb4fd39e-a9dc-43c9-a249-052c235ade39,"Psellos, Oratoria minora 3"
https://r11.eu/rdf/resource/8d757dc8-89e7-472d-8db9-f795dae382f2,Mauropous: Orations 1
https://r11.eu/rdf/resource/ab48c4e2-a80a-4a5e-be09-bdb818b5d426,Mauropous: Orations 1
https://r11.eu/rdf/resource/fed38422-9885-4c05-b8f2-652fd80f57ec,Kleinchroniken 5
https://r11.eu/rdf/resource/044abced-f025-4119-ba24-48007e6450d8,Mauropous: Orations 1
https://r11.eu/rdf/resource/c8832de7-2844-44af-bc2e-f21aa4bcb474,Mauropous: Orations 1
https://r11.eu/rdf/resource/98fc0491-de9d-473b-9699-ab247c736707,Mauropous: Orations 66
https://r11.eu/rdf/resource/672c0a5f-3355-4239-bffb-fd0f5a588593,Mauropous: Orations 66
https://r11.eu/rdf/resource/0d04a5c4-f781-41eb-8c35-a56d202d0db4,Mauropous: Orations 66
https://r11.eu/rdf/resource/a3c3fe6c-fd60-4f35-b15c-9400f4a08218,Kleinchroniken 5
https://r11.eu/rdf/resource/5516dea7-3db8-4d57-916f-991eec866594,Mauropous: Orations 86
https://r11.eu/rdf/resource/688ada08-a2a9-4a24-a89b-d0f97b9fe821,Mauropous: Orations 86
https://r11.eu/rdf/resource/2e6b03a6-7759-4392-8661-5d574c9d4c04,Mauropous: Orations 1
https://r11.eu/rdf/resource/c48a0493-0caf-41c3-aa04-13413204ebf1,Mauropous: Orations 1
https://r11.eu/rdf/resource/6722a67a-dac3-4888-a731-a12398fb47a7,Mauropous: Orations 1
https://r11.eu/rdf/resource/0020960f-6297-47e5-ba16-e45da9a11d8c,Kleinchroniken 6
https://r11.eu/rdf/resource/0baa4817-65cd-43f6-b16e-b8f29b8bbbb0,Kleinchroniken 5
https://r11.eu/rdf/resource/cdb0d489-2155-4d6a-a116-1187c8c75273,Kleinchroniken 5
https://r11.eu/rdf/resource/b37d8ae0-d481-4ed5-a8c5-aa4219f53437,Kleinchroniken 14
https://r11.eu/rdf/resource/b8ec820d-5f16-404d-8e7b-f055c1b0d560,Kleinchroniken 14
https://r11.eu/rdf/resource/a7a123d7-29ad-445f-a3e7-274ab13b79a5,Kleinchroniken 5
https://r11.eu/rdf/resource/c989c467-2b53-4532-bfe7-6fdb9d4c1488,Kleinchroniken 5
https://r11.eu/rdf/resource/6ce7c91f-310c-462f-a677-f0d34ca5c508,Kleinchroniken 5
https://r11.eu/rdf/resource/2e37f7fe-0dcc-49d4-8be2-875360290736,"Psellos, Oratoria minora 2"
https://r11.eu/rdf/resource/63103023-988a-4b65-ad09-dce87f53f115,"Psellos, Oratoria minora 2"
https://r11.eu/rdf/resource/6436a916-73e7-4ef9-9f1b-934a89d43cc4,"Theophylaktos of Ohrid, Letters 16"
https://r11.eu/rdf/resource/04f07deb-fabd-4052-a2eb-7da05724b713,"Theophylaktos of Ohrid, Letters 16"
https://r11.eu/rdf/resource/ca2c4aa1-923a-4915-a0d2-fd93786782f5,Lavra 30
https://r11.eu/rdf/resource/9cd4765a-7678-45f6-90cb-63446ba90284,Lavra 30
https://r11.eu/rdf/resource/37d44700-f8ad-473c-9774-a65878e35ac2,Lavra 37
https://r11.eu/rdf/resource/6c2bc819-e103-471a-b429-b0e48aa957cf,Lavra 34
https://r11.eu/rdf/resource/78fb27c5-14b3-4ef7-8686-7268134671f6,Lavra 34
https://r11.eu/rdf/resource/601b8a2a-f70d-48ef-b064-67c05cebf490,Lavra 37
https://r11.eu/rdf/resource/31356d01-b4ab-42aa-8cd6-409a02aec4c3,Lavra 37
https://r11.eu/rdf/resource/b65a7b54-5e7d-4ffc-b098-5323c13cc1cf,Lavra 37
https://r11.eu/rdf/resource/a2dceb76-2745-47e8-a5c2-99582880d35a,Lavra 37
https://r11.eu/rdf/resource/3b1dae2e-6096-4916-96f3-e8ef2a22d1ac,Lavra 37
https://r11.eu/rdf/resource/1143f48d-0fbc-4a2d-b8a1-d4a8372d8f27,Lavra 37
https://r11.eu/rdf/resource/da09585e-40bc-4414-9d23-509b5c7838e8,Lavra 37
https://r11.eu/rdf/resource/ba62c197-507c-4595-9c7d-7987d6ac3e8e,Lavra 37
https://r11.eu/rdf/resource/769136b8-a2ee-425a-954a-f8074de08988,Lavra 37
https://r11.eu/rdf/resource/bed891c5-df59-409c-a346-d805343549a0,Lavra 37
https://r11.eu/rdf/resource/ebe886c4-9ceb-421d-8030-98b90b747735,Lavra 37
https://r11.eu/rdf/resource/e5156857-e1db-4754-b6a0-42cbfc186f22,Lavra 37
https://r11.eu/rdf/resource/cc6fad64-dde7-4f44-9ff4-b0718525f2f6,Lavra 40
https://r11.eu/rdf/resource/0b7889f5-3757-456f-b3a0-9d11d6d1de42,Lavra 40
https://r11.eu/rdf/resource/780f92b2-243b-4cf2-a4c1-c14ff328b350,Lavra 40
https://r11.eu/rdf/resource/403bb728-937c-4cb2-8aa0-6c7ef2119e57,Lavra 41
https://r11.eu/rdf/resource/173a7520-e3a1-4249-a9b9-9ad101c06302,Lavra 41
https://r11.eu/rdf/resource/372df447-b07a-4dce-b4b7-bb8bae8ec8b5,Lavra 47
https://r11.eu/rdf/resource/69dc6421-f28b-453a-856a-c68514cb026e,Lavra 47
https://r11.eu/rdf/resource/d9715287-2cf0-4059-ae18-059f407462c4,Lavra 30
https://r11.eu/rdf/resource/838b42f4-ed3e-4a03-b533-4ccf823be7b6,Lavra 30
https://r11.eu/rdf/resource/e67ac4c8-1077-4ac7-8cf4-0da1c34af59c,Panteleemon 2
https://r11.eu/rdf/resource/509784bd-7164-45fe-ae9c-6ee9e940e5d2,Lavra 28
https://r11.eu/rdf/resource/cc98c9b0-78a9-4f04-b605-f3d049abda7d,Lavra 28
https://r11.eu/rdf/resource/2c225f4f-9cf2-4007-8d93-462f8c338d90,Lavra 35
https://r11.eu/rdf/resource/e03747dd-712d-4916-8e1d-ea88ebc8f267,Lavra 35
https://r11.eu/rdf/resource/24d8b974-b0a6-44e7-b963-a181412c7f83,Lavra 27
https://r11.eu/rdf/resource/14541757-2af3-4479-b4ed-acc56424f60f,Lavra 27
https://r11.eu/rdf/resource/e1b0e6d8-b895-4639-b924-8612b6db2349,Lavra 27
https://r11.eu/rdf/resource/2b3bc000-1e66-471e-8541-f6d1ec9f18e5,Lavra 34
https://r11.eu/rdf/resource/72c76885-94de-4df5-bb6a-e59747d3d08e,Lavra 34
https://r11.eu/rdf/resource/60ce9c4d-2b1b-4ac3-84d3-5da4e67db817,Lavra 34
https://r11.eu/rdf/resource/8eb514e9-48ad-4f32-8bab-aa1df3089615,Vatopedi 8
https://r11.eu/rdf/resource/e973d546-b39b-412b-a8a3-a98c0dde9aa5,Vatopedi 8
https://r11.eu/rdf/resource/134a954c-f483-49c0-abdb-5bd754762f99,Lavra 45
https://r11.eu/rdf/resource/41ad17e2-150e-42f2-ae98-6d671a45c166,Lavra 45
https://r11.eu/rdf/resource/1b82ef5c-12e2-4991-a9fb-c338b2d426f8,Lavra 40
https://r11.eu/rdf/resource/32601bb8-5df1-41d5-8cb7-2facc107860b,Lavra 40
https://r11.eu/rdf/resource/9ede811b-d0b2-43d7-9ee2-2e152c9b56e7,Lavra 27
https://r11.eu/rdf/resource/0a272a38-8a7f-4ae7-bee7-192b5c8b2f28,Lavra 27
https://r11.eu/rdf/resource/2ff7b1b3-8c7c-46df-a67f-7d507794309c,Lavra 27
https://r11.eu/rdf/resource/e173e4f6-dd2c-4d3f-8089-b1e486b89699,Lavra 30
https://r11.eu/rdf/resource/2dd141eb-9346-43a2-877b-3091efa052d4,Lavra 30
https://r11.eu/rdf/resource/0e40f814-2b47-4b09-a042-3a121df1cebd,Lavra 39
https://r11.eu/rdf/resource/de43f0bc-6582-4bdd-9cd0-46cc0e468851,Lavra 39
https://r11.eu/rdf/resource/b30e0c39-f2e5-4dac-97da-06e2178d3803,Lavra 29
https://r11.eu/rdf/resource/520e5caa-0791-4f9c-bcdd-7838c76c2eae,Lavra 29
https://r11.eu/rdf/resource/e6d907c7-b8ab-4b16-8161-b86a51252660,Lavra 29
https://r11.eu/rdf/resource/2a15500d-0e3c-428f-9608-0c993d18d8a4,Lavra 34
https://r11.eu/rdf/resource/940a6761-5f4b-44c0-b8fa-689e0b9ae1a4,Lavra 37
https://r11.eu/rdf/resource/ad7eea8c-f27f-4020-af29-c1204626f134,Lavra 37
https://r11.eu/rdf/resource/2dc77396-c512-4252-b962-029d1797f677,Lavra 37
https://r11.eu/rdf/resource/fa3ee263-aa65-4e21-805c-47c5d9e8c50a,Lavra 44
https://r11.eu/rdf/resource/74512aad-5903-4413-9df9-10da8c0f54db,Lavra 44
https://r11.eu/rdf/resource/68336009-c7a8-4601-a490-58c6a522256b,Lavra 42
https://r11.eu/rdf/resource/daf0dd4b-cac0-4d24-8195-47733afabe10,Lavra 42
https://r11.eu/rdf/resource/cb18ac4f-3065-4705-ad3d-9bbeb939b26e,Lavra 47
https://r11.eu/rdf/resource/3445e839-e7e5-41e1-9e2b-af2c5b5937ab,Lavra 47
https://r11.eu/rdf/resource/2141ad3c-a22a-4a98-bd15-0260030135cb,Lavra 28
https://r11.eu/rdf/resource/03de6889-9939-4efb-903f-74ae16c68c8e,Lavra 28
https://r11.eu/rdf/resource/5f91b2a2-8708-41d7-ab17-f9b31aa6bceb,Lavra 29
https://r11.eu/rdf/resource/acbc5aa7-11db-4884-a901-3cd108f0f5cd,Lavra 29
https://r11.eu/rdf/resource/dd3f3411-734d-463c-994e-c23c8d930a06,Lavra 42
https://r11.eu/rdf/resource/03cc29ce-a691-45cc-aece-bacc8276c518,Lavra 42
https://r11.eu/rdf/resource/f7dea816-2d6e-4e8c-a5dc-48df94258b5c,Lavra 40
https://r11.eu/rdf/resource/15c3b2c3-f587-4a73-8675-c38f11b121eb,Lavra 40
https://r11.eu/rdf/resource/8085d390-b5b6-42a4-ae05-a2444b0942d9,Lavra 40
https://r11.eu/rdf/resource/97d8eae0-53bc-4b0f-a40f-c449891ff424,Lavra 40
https://r11.eu/rdf/resource/c56ff4d4-1e7c-420c-a463-7d42157a1202,Lavra 40
https://r11.eu/rdf/resource/8efc1b7f-20bf-4670-a491-c2f8761b0cf6,Lavra 40
https://r11.eu/rdf/resource/b9ce873a-8754-4ba1-855c-ba70d28a6d81,Lavra 40
https://r11.eu/rdf/resource/ac3164c7-fec1-4b9a-aff2-794e15fc68a3,Lavra 27
https://r11.eu/rdf/resource/46f6fb2e-f5a5-48c8-bdde-e93128757246,Lavra 27
https://r11.eu/rdf/resource/b9bc0dbd-27f3-4511-a764-15bb50e01249,Lavra 27
https://r11.eu/rdf/resource/729522a0-7581-4b00-8a06-7b5f6b9bea83,Lavra 27
https://r11.eu/rdf/resource/9c8047a0-78e9-4983-9638-028a8797434c,Lavra 30
https://r11.eu/rdf/resource/a120adb8-ddf2-4fcf-8b32-2296196ac687,Lavra 30
https://r11.eu/rdf/resource/77448b38-edc0-438e-a581-bc85fd3e58fe,Lavra 30
https://r11.eu/rdf/resource/1d157ec2-1b9e-45e8-9bda-0a6cfb6f86ba,Lavra 30
https://r11.eu/rdf/resource/32aa31a6-19d4-4a4e-8332-70eb252977c8,Lavra 29
https://r11.eu/rdf/resource/12e31d94-6593-49b9-88ba-d7171b4c0485,Lavra 29
https://r11.eu/rdf/resource/dead84e5-b093-47a2-90ce-7bf071725500,Lavra 29
https://r11.eu/rdf/resource/2d893dfe-9d1f-47cf-a710-b4b7ee24935f,Lavra 29
https://r11.eu/rdf/resource/01f10591-95bd-4e54-b5bc-588a900bcf6a,Lavra 37
https://r11.eu/rdf/resource/993dae6c-ecf2-479c-89f4-c51edd3c2c9b,Lavra 28
https://r11.eu/rdf/resource/f5385559-fa7f-4e85-bdbd-8ec57e0a1ca4,Lavra 28
https://r11.eu/rdf/resource/f5e21f89-64ca-47fa-afe8-a7e21b10fe24,Lavra 28
https://r11.eu/rdf/resource/1a40f422-b4c2-4d2b-a172-2266fc56112a,Panteleemon 4
https://r11.eu/rdf/resource/41001fd6-2748-4e1c-a77e-5c55221d2d6b,Panteleemon 5
https://r11.eu/rdf/resource/f0ec00ad-2a63-4f42-8183-4a097c24cee2,Panteleemon 4
https://r11.eu/rdf/resource/dd6dd24c-aa4f-4cf2-9d85-c808e9bd400d,Panteleemon 5
https://r11.eu/rdf/resource/3fdd7e38-a69b-448e-94a4-c13de110d2f3,Lavra 29
https://r11.eu/rdf/resource/ebd45a81-a258-49f4-99f4-a658933c3a47,Lavra 29
https://r11.eu/rdf/resource/97be646f-54f8-4a71-b895-c7c7ad0e3dfe,Lavra 28
https://r11.eu/rdf/resource/277821c2-996a-44b4-8c66-fc67af6b5a9f,Lavra 28
https://r11.eu/rdf/resource/3cf0e8bb-3712-4856-854c-62e97ed3a7ee,Lavra 29
https://r11.eu/rdf/resource/04c23497-9d0c-4e94-b2fe-f2a6d43dde84,Lavra 42
https://r11.eu/rdf/resource/9dc8af9d-7b63-4af4-bb3a-d214e39d6969,Lavra 42
https://r11.eu/rdf/resource/0539b529-1d62-44d3-85cc-f5d1986fc972,Lavra 27
https://r11.eu/rdf/resource/4caaf111-2cc2-48ee-9c98-73e3f2f35c46,Lavra 29
https://r11.eu/rdf/resource/43e47427-efe3-49e4-96c7-dbc874fc5418,Lavra 29
https://r11.eu/rdf/resource/44c4710b-9756-4422-ac16-0526c1e2f6a3,Lavra 30
https://r11.eu/rdf/resource/d13e67ac-078b-4ae0-afeb-179e5b7f6433,Lavra 28
https://r11.eu/rdf/resource/d1f0aa58-c917-4cd3-a4c3-79ced8087c33,Lavra 28
https://r11.eu/rdf/resource/8fe16219-a574-410c-b222-1ccabc660604,Lavra 27
https://r11.eu/rdf/resource/db692b7e-4175-4d14-90ea-0fec06ce0b72,Lavra 35
https://r11.eu/rdf/resource/9e5bca33-6462-434c-b33e-c4665ada3b84,Lavra 40
https://r11.eu/rdf/resource/95b3ec54-859b-4099-88a5-811818ce19ec,Lavra 40
https://r11.eu/rdf/resource/ccfac652-6088-4349-8c8a-7de0cc9dc7c8,Lavra 40
https://r11.eu/rdf/resource/d596e5e2-fcf6-44f4-9ece-c16ee5a2c7a9,Lavra 40
https://r11.eu/rdf/resource/5bad22db-8678-478a-9e50-b3e7d692e21b,Lavra 42
https://r11.eu/rdf/resource/a599caf4-d9a9-4697-989e-ca41d1f6b6c6,Lavra 42
https://r11.eu/rdf/resource/e9ff2c47-506a-4bd2-8e6a-f91192b09063,Lavra 47
https://r11.eu/rdf/resource/7f551432-e89d-46cc-b90f-f58f4bd5d02e,Lavra 47
https://r11.eu/rdf/resource/39baf227-5674-4ae9-a55e-8f519057ae86,Lavra 29
https://r11.eu/rdf/resource/d0310271-3022-4e4d-94be-0faecff781a1,Lavra 29
https://r11.eu/rdf/resource/c4dacd1f-ea12-47be-b7e3-7f29e364c60e,Lavra 29
https://r11.eu/rdf/resource/fb2f46b2-30b4-43bf-accb-92d0160c54b1,Lavra 29
https://r11.eu/rdf/resource/ff7cc0ba-9d67-45d7-b268-95d1f2b37441,Lavra 47
https://r11.eu/rdf/resource/0e3de56b-4362-45e6-9c45-a21c0e3f3d2c,Lavra 47
https://r11.eu/rdf/resource/502938e4-a28d-4ba0-af5a-5b5141cff60b,Lavra 47
https://r11.eu/rdf/resource/edd31975-00e9-49ab-ba58-0c2f3a1a5eb3,Lavra 37
https://r11.eu/rdf/resource/16ea2005-fab6-45ec-8b5c-396996c1be81,Lavra 29
https://r11.eu/rdf/resource/858f43bc-4097-4c74-8a44-2da5fdc9984c,Panteleemon 4
https://r11.eu/rdf/resource/8ebb1943-6d0e-4572-b8de-fcf6bc47d520,Panteleemon 4
https://r11.eu/rdf/resource/b17f92c5-80c5-4e3a-9d23-111eb3e72eec,Lavra 28
https://r11.eu/rdf/resource/8bdb17df-4011-492d-a26d-1b5156f9ee39,Lavra 28
https://r11.eu/rdf/resource/6b483be0-9e8d-4752-a389-a2367fbe12a9,Lavra 28
https://r11.eu/rdf/resource/034fa8e5-c78e-43ad-acd6-02b66a219cd3,Lavra 29
https://r11.eu/rdf/resource/9e162b12-ee10-4e9d-b31e-ca68dbaadaa8,Lavra 29
https://r11.eu/rdf/resource/22d7679b-ba50-4f6b-8ff9-18454ec830fb,Panteleemon 2
https://r11.eu/rdf/resource/0d684159-c2ad-400a-912d-5671214d4feb,Panteleemon 2
https://r11.eu/rdf/resource/0850638e-ff07-4e62-87f9-a867e2c423a0,Panteleemon 2
https://r11.eu/rdf/resource/321bbe95-2d17-462b-9aaa-cb3b95d59d75,Lavra 29
https://r11.eu/rdf/resource/e1f4c049-b087-447d-ae6c-2b7997111674,Lavra 34
https://r11.eu/rdf/resource/9e3acb25-b0f9-4d9d-829e-00b271c041cf,Lavra 34
https://r11.eu/rdf/resource/fe9a6616-dd99-41b9-97f5-6439599f0890,Lavra 34
https://r11.eu/rdf/resource/55bf1f5d-e2ed-43c4-a61d-1acc78c331ef,Panteleemon 5
https://r11.eu/rdf/resource/e801d96f-593d-4105-851f-21c11875e739,Panteleemon 5
https://r11.eu/rdf/resource/379b08cf-ab34-437d-a0b8-2972b958b9c9,Lavra 47
https://r11.eu/rdf/resource/00d36b54-a1e1-4287-9226-85b15af04b36,Lavra 47
https://r11.eu/rdf/resource/3d95dd3b-223e-4ff5-a060-3fd7098475fc,Lavra 27
https://r11.eu/rdf/resource/b98dbdef-ab53-46af-94d7-f9c0f633bac5,Lavra 27
https://r11.eu/rdf/resource/0366597f-d1ff-461e-b8d6-8b390be6015d,Lavra 27
https://r11.eu/rdf/resource/850d309e-e8de-42f5-8118-5209dd7428fd,Lavra 28
https://r11.eu/rdf/resource/28f3e4d7-693d-4e48-80c5-6a4281ba6be2,Lavra 29
https://r11.eu/rdf/resource/041a6d5a-dcd5-4ba8-b687-75924aee9603,Lavra 30
https://r11.eu/rdf/resource/9b8f292a-c92f-49a0-9a5b-0eaa5844ea2f,Lavra 30
https://r11.eu/rdf/resource/c96a1049-20d0-42ba-a0f9-3246367e9818,Lavra 30
https://r11.eu/rdf/resource/47318f7e-ec77-40ee-a9a5-abab2889ec58,Lavra 31
https://r11.eu/rdf/resource/94948951-e795-4a43-b57f-2b0ef24b0714,Lavra 31
https://r11.eu/rdf/resource/d437ca03-aa5e-4ab4-830b-85acf771a6cf,Lavra 31
https://r11.eu/rdf/resource/ef0236ed-4b36-476a-a0c4-0a279ede0a2e,Lavra 31
https://r11.eu/rdf/resource/64ce6a92-0d2b-41de-ba65-1135ec3eb799,Lavra 37
https://r11.eu/rdf/resource/e4d84900-9c30-4248-9c97-1dbbbdd3267d,Lavra 37
https://r11.eu/rdf/resource/1d7676f6-4adc-495e-a9c4-5a886d17142e,Lavra 37
https://r11.eu/rdf/resource/f82d1cba-05da-42ea-b806-ea42b84af7e2,Lavra 37
https://r11.eu/rdf/resource/da55090a-6835-4abc-bc46-64e6c658b258,Lavra 37
https://r11.eu/rdf/resource/57a0b5bb-badc-4f98-b577-0bbdc2515a2e,Lavra 37
https://r11.eu/rdf/resource/09c320e5-8a11-44a7-a8f3-a1436f92830b,Lavra 37
https://r11.eu/rdf/resource/640448be-648d-4ad9-a83e-1363903533b9,Lavra 39
https://r11.eu/rdf/resource/69da9cc7-9b6d-4be2-ba44-ce1b8636eaed,Lavra 39
https://r11.eu/rdf/resource/1b1d3d68-5651-41d7-a0c5-365e411b10f3,Lavra 39
https://r11.eu/rdf/resource/44952b99-95ce-4a79-8e73-e89b3a9d8ab5,Lavra 39
https://r11.eu/rdf/resource/a760d80d-a206-432b-a56e-ab789205abf4,Lavra 39
https://r11.eu/rdf/resource/5d96a097-0208-49f8-9a21-ad9e7bacf3e4,Docheiariou 2a
https://r11.eu/rdf/resource/99cff9f4-ae3d-46af-815b-c57e14b0e7c0,Docheiariou 2a
https://r11.eu/rdf/resource/4abcdba8-3525-49ce-8afa-2a643d209337,Lavra 42
https://r11.eu/rdf/resource/07627d0f-da22-4662-92f9-00a40baf2efc,Lavra 42
https://r11.eu/rdf/resource/c1ffe976-d3ec-45c0-9f9e-12c238852b3e,Lavra 42
https://r11.eu/rdf/resource/ec9da63a-d791-44d1-8386-9d0006961686,Lavra 42
https://r11.eu/rdf/resource/17228006-07c3-4327-9c01-c73a0c24c966,Lavra 42
https://r11.eu/rdf/resource/e33f55a1-f764-490d-889f-e39ef9b8eafb,Lavra 47
https://r11.eu/rdf/resource/984f91ff-2951-4eff-bc10-4471ed6d20ab,Lavra 47
https://r11.eu/rdf/resource/8391251b-f3d7-44e5-8f5b-02676f398183,Lavra 47
https://r11.eu/rdf/resource/1b02d85e-6d79-4a53-9ac2-96cf7f1e555e,Lavra 47
https://r11.eu/rdf/resource/5e0c2202-55df-4e84-80d2-ddb988a0fe8d,Lavra 47
https://r11.eu/rdf/resource/73953b4e-46b2-4629-a8d1-61dba23fde79,Lavra 48
https://r11.eu/rdf/resource/9b28cfa9-b162-44b3-90c4-98054518ca94,Lavra 48
https://r11.eu/rdf/resource/f4fdc26b-d0f7-4a16-b7f4-99025f690b9a,Lavra 48
https://r11.eu/rdf/resource/8425546b-7e9a-4003-b2d1-8a09ca18b4ca,Lavra 47
https://r11.eu/rdf/resource/b2f57237-5a9f-41ac-8a5a-ffcfb6eae5c2,Lavra 37
https://r11.eu/rdf/resource/b1faffb1-3f3b-4348-bb11-ee2014b5f202,Lavra 37
https://r11.eu/rdf/resource/9f8e3b91-701f-46ee-868c-5889a616609d,Lavra 29
https://r11.eu/rdf/resource/43c154e8-f9da-41af-b666-b5308d55f3a9,Lavra 29
https://r11.eu/rdf/resource/9a395109-1e37-4de8-8319-8b8577382456,Lavra 37
https://r11.eu/rdf/resource/12e058f6-4901-4fe7-9812-66e836895c2d,Lavra 37
https://r11.eu/rdf/resource/7af27bfa-fbee-4db1-a5f1-606e07aedb12,Lavra 37
https://r11.eu/rdf/resource/b778e911-988a-4554-b26f-83207de2c774,Lavra 40
https://r11.eu/rdf/resource/001470f4-69b2-4da7-ae95-0c75009d380e,Lavra 40
https://r11.eu/rdf/resource/9e05b5ff-9f53-414e-a33c-c971cbcb4ebf,Lavra 40
https://r11.eu/rdf/resource/111b3824-9a21-45fd-93c9-458715c9cc24,Lavra 42
https://r11.eu/rdf/resource/311f4465-9cc8-4f8e-bc49-3dde22b178ad,Lavra 45
https://r11.eu/rdf/resource/1271fa15-b410-419b-943f-866a38eb2cb5,Lavra 45
https://r11.eu/rdf/resource/12475837-f8a9-4b9b-a5cd-cde2e1c1c4a7,Lavra 40
https://r11.eu/rdf/resource/c7f5d5f1-547f-4f79-a33e-9bc563d04c80,Lavra 40
https://r11.eu/rdf/resource/442566d4-dcf4-4172-8497-746790ff52f6,Lavra 44
https://r11.eu/rdf/resource/c2be11fc-57bc-4e78-8d0b-75c95a7685e9,Lavra 44
https://r11.eu/rdf/resource/669fa92d-3843-4996-a9b9-ecd93c14ce9f,Lavra 44
https://r11.eu/rdf/resource/76d43a6f-8f15-47e1-b60b-ca1a30f5623b,Lavra 45
https://r11.eu/rdf/resource/b5618e17-da2b-438c-a6bb-976fd3f8cf5a,Lavra 48
https://r11.eu/rdf/resource/b493fe52-26ae-4d61-bbd7-a4c48ea47888,Lavra 49
https://r11.eu/rdf/resource/10aa7668-6053-4017-8517-a58404dd3c87,Lavra 44
https://r11.eu/rdf/resource/69bae962-6325-4dae-8673-77c6714fe875,Lavra 44
https://r11.eu/rdf/resource/e6a94fe9-a9ab-4826-8e3b-64b771c8c190,Lavra 45
https://r11.eu/rdf/resource/f128ce1d-de86-4d88-8f3a-10636bfab148,Lavra 48
https://r11.eu/rdf/resource/1245f153-acad-4086-b349-a6bd34997531,Lavra 48
https://r11.eu/rdf/resource/e986487e-e64b-416a-895d-a46f3369abc9,Lavra 49
https://r11.eu/rdf/resource/2913bf27-7f31-4735-92d2-57b72ce68d6c,Lavra 45
https://r11.eu/rdf/resource/6e60edaf-616c-4ecc-97d9-8cc2ad846c81,Lavra 45
https://r11.eu/rdf/resource/baa65bcf-abdf-4925-9cf1-ad5bc0ca1181,Lavra 47
https://r11.eu/rdf/resource/8298e139-aa0f-46c9-96d5-f47c82a5381d,Lavra 30
https://r11.eu/rdf/resource/4cc4c67a-3ed6-4562-ba1a-04521f264108,Lavra 30
https://r11.eu/rdf/resource/bc818f48-5dd7-455d-8207-c6812e8c991f,Lavra 30
https://r11.eu/rdf/resource/33116e19-f3ce-474d-878a-51e426d69935,Lavra 27
https://r11.eu/rdf/resource/c5a20d44-de01-43a2-8eb5-3981e23ca6fb,Lavra 27
https://r11.eu/rdf/resource/cd527dc8-f164-4d02-b07d-72b11ba21c2f,Lavra 35
https://r11.eu/rdf/resource/11cff35b-553e-4c93-b545-7d780c5044c8,Lavra 40
https://r11.eu/rdf/resource/41a36d48-fc70-4066-b67a-1325574e6ce7,Lavra 40
https://r11.eu/rdf/resource/c899d281-a7a0-4c31-9f93-5288e97f7b82,Lavra 27
https://r11.eu/rdf/resource/a181683f-aa97-4cd1-9210-ca74f3c1ac9d,Lavra 34
https://r11.eu/rdf/resource/67265099-a6e5-42e3-8c67-ed174982f0b9,Lavra 34
https://r11.eu/rdf/resource/515bf2ea-8613-4755-8d96-e5314bac342a,Lavra 28
https://r11.eu/rdf/resource/f4d165ee-48b9-4e9d-9715-1b449de9d287,Lavra 28
https://r11.eu/rdf/resource/f6a68033-9a15-4b2f-ac50-2c2f5387db93,Lavra 35
https://r11.eu/rdf/resource/e6db1345-b83e-4db3-99ad-05097d39c40a,Lavra 35
https://r11.eu/rdf/resource/1e65c1e2-5404-4a36-8dfe-9ebcf4cf0574,Lavra 35
https://r11.eu/rdf/resource/12f2dfe3-ae05-4389-ac1e-106d049d7691,Lavra 37
https://r11.eu/rdf/resource/53b5544b-16fd-43ce-9b58-87eadd1e37c0,Lavra 37
https://r11.eu/rdf/resource/267ed899-6c2d-42b7-9509-b5bc4deb01b2,Lavra 37
https://r11.eu/rdf/resource/bd0f553f-e49b-40f2-8823-eefb9c60c0bd,Lavra 46
https://r11.eu/rdf/resource/20ef147c-0507-49e2-b892-24a6e5b31433,Lavra 46
https://r11.eu/rdf/resource/41153359-26bf-4b6b-b7e7-db366914249d,Lavra 46
https://r11.eu/rdf/resource/6658eda4-a624-40be-bf2e-8ff34dfcb220,Lavra 37
https://r11.eu/rdf/resource/8e46cb29-7388-4cc3-bc84-ab1d6cff2644,Lavra 29
https://r11.eu/rdf/resource/7c2f1570-0108-44f1-9a4c-7a3ca9f9b7e0,Lavra 30
https://r11.eu/rdf/resource/ddc765f9-9ae9-48b3-953a-9d22f56200de,Lavra 30
https://r11.eu/rdf/resource/97b9a0fd-b3f8-4ffc-9ebd-a65a56f8d39e,Lavra 49
https://r11.eu/rdf/resource/c11482cb-62fe-40b2-b82a-c5ec7a8d673f,Lavra 49
https://r11.eu/rdf/resource/1c5f7525-9e93-4446-a073-66dceca00839,Lavra 49
https://r11.eu/rdf/resource/aef7112e-615f-4422-b65d-6d701a98b995,Lavra 49
https://r11.eu/rdf/resource/2a533fe1-e485-419b-9acc-de91382afa9b,Lavra 50
https://r11.eu/rdf/resource/a2931cf5-8f93-4ac4-b83e-b540d43f2b82,Lavra 50
https://r11.eu/rdf/resource/1bd106b4-ee2e-4c35-9b72-d39606849a2c,Lavra 50
https://r11.eu/rdf/resource/1588d5cf-8728-488a-ba63-e0e50ae5455b,Lavra 50
https://r11.eu/rdf/resource/ca13730c-294c-4b34-8ec7-00a05c54f754,Lavra 52
https://r11.eu/rdf/resource/0e8f9d8f-7469-4e27-acae-4f7ddce39f4f,Xenophontos 2
https://r11.eu/rdf/resource/d0453f20-47cc-4677-b634-b536757766e6,Xenophontos 2
https://r11.eu/rdf/resource/45bc1632-8591-4069-aee5-c1ed11b70ff6,Esphigmenou 5
https://r11.eu/rdf/resource/5446d313-0133-4dc7-997a-0919093c5753,Xenophontos 2
https://r11.eu/rdf/resource/5395b8ea-ee8e-45c8-8f4a-6ea08a6ea659,Esphigmenou 5
https://r11.eu/rdf/resource/50a6ad56-ac9a-40e3-852a-b20a763e5a8e,Esphigmenou 5
https://r11.eu/rdf/resource/eaf6995b-cf4c-4e2e-8180-002d3ad0fbe7,Lavra 27
https://r11.eu/rdf/resource/9d2c54fa-26ec-40b8-959a-3efeeb7ab3a3,Lavra 27
https://r11.eu/rdf/resource/e0efb96b-4885-410b-8b1f-6230a970340e,Lavra 27
https://r11.eu/rdf/resource/b6c2de4e-ac23-4366-be5b-1ae1fb48cffe,Lavra 29
https://r11.eu/rdf/resource/6f1537b6-a2a3-4bc0-9a25-f2729ffba47c,Lavra 29
https://r11.eu/rdf/resource/e4edc27c-b582-48d3-bf83-d65aa6bc2233,Lavra 29
https://r11.eu/rdf/resource/e319ac14-e8cd-4bcd-84fa-ae53ef4ec151,Lavra 29
https://r11.eu/rdf/resource/18805f44-6e8b-4aad-b2cf-f54e64e6a7e1,Lavra 34
https://r11.eu/rdf/resource/39f64f06-02cb-497a-88f4-2b511fc6f8eb,Lavra 34
https://r11.eu/rdf/resource/9ae71ca4-7cf6-4e33-a601-aa6061a808bd,Lavra 35
https://r11.eu/rdf/resource/54a9c346-3c4d-4315-b42d-7054407e8c1a,Lavra 35
https://r11.eu/rdf/resource/da6cd3d4-006c-48ae-ae5f-9372b2ca7c9c,Lavra 37
https://r11.eu/rdf/resource/6bdf078e-0847-4329-a397-37dd51f3991f,Lavra 37
https://r11.eu/rdf/resource/07108648-1ddd-4b9e-afce-92f486128e5e,Lavra 37
https://r11.eu/rdf/resource/77c0c2c6-3164-4bd9-9f13-1bc5dc807ae7,Lavra 37
https://r11.eu/rdf/resource/96803623-f9d4-409a-920d-6f23d96b687a,Lavra 37
https://r11.eu/rdf/resource/2beda2e1-0005-4ca9-953c-df18295e33c2,Lavra 47
https://r11.eu/rdf/resource/e680e002-2788-4124-80b6-bdd36e2dc7a1,Lavra 50
https://r11.eu/rdf/resource/2b604e86-b65a-4368-995e-eebe274a0426,Lavra 35
https://r11.eu/rdf/resource/d3cc5155-72ea-40e4-afd3-541b74a058ee,Lavra 35
https://r11.eu/rdf/resource/f5eddbf8-2955-4d85-ac12-5220940b02ca,Lavra 29
https://r11.eu/rdf/resource/b79a5d5b-c57c-4773-8977-e3bad5dc07ee,Lavra 29
https://r11.eu/rdf/resource/d8eb2d4e-35c8-4a95-b51c-229b261a2e0d,Vatopedi 8
https://r11.eu/rdf/resource/59cd63ec-d2bb-4311-b4aa-0af059dc7d62,Vatopedi 8
https://r11.eu/rdf/resource/898765f3-1089-490f-afa0-ba8e395006b1,Panteleemon 6
https://r11.eu/rdf/resource/58c99d76-8ed5-4096-a71a-b9fa2d862082,Panteleemon 6
https://r11.eu/rdf/resource/96416b32-0b49-4be7-be1a-79be2a151237,Lavra 45
https://r11.eu/rdf/resource/66a9c904-d7ca-407a-b30b-e582ee5e0aae,Lavra 29
https://r11.eu/rdf/resource/2cc2ec9b-3031-4d3c-b24b-3c49db745f44,Lavra 48
https://r11.eu/rdf/resource/bdf5bd58-32bc-49bb-8b59-e4623d4ed453,Lavra 48
https://r11.eu/rdf/resource/f813beeb-9146-4320-8028-4c6b64447c11,Lavra 37
https://r11.eu/rdf/resource/74930b9a-8fcf-4598-98e3-7369cd3cf379,Lavra 35
https://r11.eu/rdf/resource/167cef17-91d9-4e24-b3ca-0e49e892834c,Lavra 35
https://r11.eu/rdf/resource/fbc430a5-5ffa-4345-b4d0-b4e18b52dc5b,Lavra 35
https://r11.eu/rdf/resource/11d1d576-b84b-4e57-a705-0a31ce045a2d,Vatopedi 8
https://r11.eu/rdf/resource/55880ba6-15e3-4c4a-a147-ee8cc3fbc3d2,Vatopedi 8
https://r11.eu/rdf/resource/82f72a06-52d8-4c1d-bc31-aaef57f5c580,Lavra 35
https://r11.eu/rdf/resource/f9570ad8-a561-4d77-8292-d60c80076563,Lavra 35
https://r11.eu/rdf/resource/d419df8e-8313-4a3c-b323-4cbc6cdc9fe5,Lavra 34
https://r11.eu/rdf/resource/b97aedbe-51a4-44b9-a8ff-d91f4eac8287,Lavra 45
https://r11.eu/rdf/resource/15d0ee8c-1db7-41ff-8842-ab2b7e03c47d,Lavra 45
https://r11.eu/rdf/resource/22f1b71c-c4d3-43aa-b642-869c1acdd51d,Lavra 37
https://r11.eu/rdf/resource/4cef3c7e-40b2-4653-873b-ad641000b59a,Lavra 40
https://r11.eu/rdf/resource/06a7d406-a21b-43d0-a993-f0e832e6d05f,Lavra 40
https://r11.eu/rdf/resource/d0bedd1d-a0c9-48a2-ad1f-c2df0683ae62,Lavra 29
https://r11.eu/rdf/resource/cbf9d64f-8ee2-44f0-8966-5ca0544e498d,Lavra 29
https://r11.eu/rdf/resource/34e2ac83-b193-4048-9a43-566609c44860,Lavra 34
https://r11.eu/rdf/resource/2c2259e6-a7e4-4f38-bffd-028adfc21d12,Lavra 34
https://r11.eu/rdf/resource/11029773-3b9c-4c78-ba3f-f6a1a3aa3576,Lavra 34
https://r11.eu/rdf/resource/0de947ff-b4ab-495f-b72a-a77f8b58e596,Lavra 34
https://r11.eu/rdf/resource/7cc6f878-1806-419a-a652-1018e8e1ec11,Lavra 34
https://r11.eu/rdf/resource/6ce3ac60-4260-404d-bc31-c1d230702ec3,Lavra 41
https://r11.eu/rdf/resource/cc4f8ab1-4137-4079-8a6b-b1a2453032b7,Lavra 47
https://r11.eu/rdf/resource/dcdd304e-dc54-4926-a592-0e42c09cbce4,Lavra 47
https://r11.eu/rdf/resource/bf184517-5a6f-41bf-9287-6ac4bb01a290,Lavra 30
https://r11.eu/rdf/resource/672f160f-b776-4ada-98e6-82d93e9fcd70,Lavra 30
https://r11.eu/rdf/resource/4b255ecd-734f-4086-9f15-e7c1ef886a0f,Lavra 30
https://r11.eu/rdf/resource/2d369f6f-9692-4701-8ff8-6001c8a6e61b,Lavra 29
https://r11.eu/rdf/resource/1a767ffa-31ae-4931-a119-d31081798e25,Lavra 29
https://r11.eu/rdf/resource/42f9b25a-0127-4fd3-83e2-905e633b55ce,Lavra 30
https://r11.eu/rdf/resource/aec0a408-8888-4dfc-8ea8-25bbea8e0972,Esphigmenou 2
https://r11.eu/rdf/resource/82a235ba-9923-4698-a0b4-83f529c00bee,Esphigmenou 2
https://r11.eu/rdf/resource/2bf7b900-98bd-4068-8443-f5d8b24c2bb1,Esphigmenou 2
https://r11.eu/rdf/resource/8d3245be-c9f8-4621-9ff6-0bd625d7b7ab,Lavra 34
https://r11.eu/rdf/resource/ede2835f-1ee0-4238-9ed9-543a7b6a7528,Lavra 29
https://r11.eu/rdf/resource/81c43e0d-7331-4172-85c4-0b5b28b3c5ad,Lavra 29
https://r11.eu/rdf/resource/7fad6248-a844-4422-bd66-6658527cada5,Lavra 37
https://r11.eu/rdf/resource/aa5e9ccb-0d95-4b72-a8ae-7858a232b4bb,Lavra 37
https://r11.eu/rdf/resource/c5378211-071d-4cb1-a22a-c5d787b37497,Esphigmenou 3
https://r11.eu/rdf/resource/f80982bc-9418-492e-a75c-80dbd372c3af,Esphigmenou 4
https://r11.eu/rdf/resource/59caec39-d6c5-4049-9d84-42fce7dfc9df,Esphigmenou 4
https://r11.eu/rdf/resource/6046b6c6-8e7d-4187-a8f2-e7c1d1c1fc11,Esphigmenou 4
https://r11.eu/rdf/resource/b004e373-029e-46f1-a84a-f1a8e902d130,Docheiariou 2a
https://r11.eu/rdf/resource/f659d827-1824-4dec-a5d0-0d304ccdcbd5,Docheiariou 2b
https://r11.eu/rdf/resource/75231a2b-3952-48a7-a994-8c95b060fcd8,Docheiariou 2b
https://r11.eu/rdf/resource/af3afd87-6982-4062-8a21-6d5eb4153443,Docheiariou 2b
https://r11.eu/rdf/resource/014b4afb-0a28-4004-80bf-ce5c06423dae,Vatopedi 9
https://r11.eu/rdf/resource/2476dac8-62eb-4176-b258-0a58b78c2438,Vatopedi 9
https://r11.eu/rdf/resource/15d62af1-1426-4945-b31c-3a185af68c5b,Panteleemon 4
https://r11.eu/rdf/resource/87ae94a0-8c96-4791-982f-d0ff4102fc80,Panteleemon 4
https://r11.eu/rdf/resource/16681099-2f38-4462-805f-2d1586128386,Vatopedi 7
https://r11.eu/rdf/resource/c4509395-8d6d-4e42-82ab-4b757e16cfdf,Vatopedi 7
https://r11.eu/rdf/resource/b046b5d1-6bcd-41bd-9121-454dabad5cfa,Esphigmenou 2
https://r11.eu/rdf/resource/f2fe1cb7-fa0d-44d8-9945-da1bf4da9e22,Esphigmenou 2
https://r11.eu/rdf/resource/749a4979-232f-4e71-bd55-e882334985b4,Vatopedi 7
https://r11.eu/rdf/resource/55a98eb5-c985-47b8-8789-87fcb718292e,Vatopedi 7
https://r11.eu/rdf/resource/6031236d-fbac-454f-86f1-721acb642495,Vatopedi 7
https://r11.eu/rdf/resource/610ef8f2-18c3-4e39-8c39-953c38e4ba9e,Vatopedi 7
https://r11.eu/rdf/resource/539ffc97-76e1-4d0d-90f9-d0710f35a2cd,Panteleemon 5
https://r11.eu/rdf/resource/5ec23b22-94c0-47d5-9868-9890ea78ba89,Panteleemon 5
https://r11.eu/rdf/resource/336d6ce3-0fac-4a41-8e11-a4abe066ba61,Xeropotamou 5
https://r11.eu/rdf/resource/17ade17c-2b18-4c8f-9e52-5731bf845920,Esphigmenou 4
https://r11.eu/rdf/resource/9710dab5-fd1a-4f2d-bfa9-501c889b44cd,Esphigmenou 4
https://r11.eu/rdf/resource/41fa2fd9-d8b3-493f-b617-ae9126b302ec,Esphigmenou 2
https://r11.eu/rdf/resource/42137e17-7ced-41d0-b387-df27afd4ab0d,Esphigmenou 2
https://r11.eu/rdf/resource/4b113943-17de-4191-b6ea-cd7bffb799e8,Vatopedi 8
https://r11.eu/rdf/resource/609bf6e3-828c-4901-9b0e-83c69aea52e6,Vatopedi 8
https://r11.eu/rdf/resource/72abe79d-6db8-4eea-af51-d86772d793a1,Vatopedi 9
https://r11.eu/rdf/resource/4f54af95-c8cc-4b52-8b86-00945bf2ba0a,Vatopedi 9
https://r11.eu/rdf/resource/f68cbf40-f7cd-45e8-98a9-6504bac9562d,Vatopedi 9
https://r11.eu/rdf/resource/5155065e-fa9e-4d6f-96c2-78d253cf9316,Esphigmenou 3
https://r11.eu/rdf/resource/813b4e61-b072-4caf-954c-42823e9c3c1b,Esphigmenou 3
https://r11.eu/rdf/resource/b1f88579-1eac-40fd-af4f-2442c42f75b0,Vatopedi 8
https://r11.eu/rdf/resource/902a7afd-4601-4fb7-8df8-4540ba643ee2,Vatopedi 8
https://r11.eu/rdf/resource/be89d0c0-226a-4a73-863b-5d3080a842a8,Xenophontos 2
https://r11.eu/rdf/resource/166296dd-9ed4-4f14-b235-8f8d4ecb5404,Xenophontos 2
https://r11.eu/rdf/resource/0b99a104-4740-4e44-bbfd-613ab822743f,Esphigmenou 5
https://r11.eu/rdf/resource/b8f74c4d-12c4-48a4-8bd4-8d81a32c97cb,Esphigmenou 5
https://r11.eu/rdf/resource/eac0880a-9128-401a-a2da-1bb4bdff7d53,Esphigmenou 5
https://r11.eu/rdf/resource/1187e685-fd5d-4acd-99fd-3d3ec825d071,Esphigmenou 5
https://r11.eu/rdf/resource/e7987e06-8c63-4ab6-93a5-d61d94ad8a17,Vatopedi 7
https://r11.eu/rdf/resource/d110fd3e-5fb7-4940-9522-ac84b040f3fb,Esphigmenou 4
https://r11.eu/rdf/resource/54f498c4-626c-4499-957b-98e2e9016a75,Vatopedi 9
https://r11.eu/rdf/resource/6550da84-8fd5-4684-8cb0-dd76766c3f91,Vatopedi 9
https://r11.eu/rdf/resource/053e4c67-08cd-4a77-9ce2-4b07f34848d8,Vatopedi 9
https://r11.eu/rdf/resource/71b0c31f-deed-48a7-9eda-15c9b125192e,Vatopedi 9
https://r11.eu/rdf/resource/8c49555e-b037-4aad-9db7-2a11b47a3219,Vatopedi 9
https://r11.eu/rdf/resource/f502365a-8ced-431d-8694-4b926fb2c17f,Vatopedi 7
https://r11.eu/rdf/resource/dbbd0cde-cbf4-4433-b64a-29eace8d8ea1,Vatopedi 7
https://r11.eu/rdf/resource/865a2aa6-c62f-4412-b868-db9e0d0eb809,Vatopedi 8
https://r11.eu/rdf/resource/088b344b-33c7-4c4a-b1f5-b82c9a66fc10,Vatopedi 8a
https://r11.eu/rdf/resource/290f2683-a613-44cd-93a0-917b55945982,Esphigmenou 2
https://r11.eu/rdf/resource/36bf010b-afbe-4edc-91be-c8d06ee54721,Esphigmenou 2
https://r11.eu/rdf/resource/5de06e0c-b047-4db1-b91e-1add050173da,Esphigmenou 2
https://r11.eu/rdf/resource/592ab10a-598a-499e-a16e-20cc861c5d87,Esphigmenou 4
https://r11.eu/rdf/resource/b1f38803-d3d3-42e3-a508-2fdb502e6bf8,Esphigmenou 5
https://r11.eu/rdf/resource/bbf2af20-a7d6-4134-a20c-f78c9dccb36e,Vatopedi 11
https://r11.eu/rdf/resource/cdfd4ae6-5c70-422e-821d-9f79757f2a2f,Vatopedi 11
https://r11.eu/rdf/resource/a18138bb-bcdf-4561-9ebf-d04e80ad5a0c,Vatopedi 7
https://r11.eu/rdf/resource/c46cf469-8747-465f-87c0-cae1d8d18091,Vatopedi 7
https://r11.eu/rdf/resource/d231a371-315b-43ee-919b-a05665622629,Panteleemon 5
https://r11.eu/rdf/resource/0dc953bd-25bd-461a-a8ae-6fa42384f588,Panteleemon 5
https://r11.eu/rdf/resource/77138ec9-9ac0-45bf-9957-0bcc64abc7f7,Vatopedi 9
https://r11.eu/rdf/resource/eb369783-bca2-480e-baa7-b57d62b97a0c,Vatopedi 9
https://r11.eu/rdf/resource/f098382a-6531-46bd-b40d-7eb314e82446,Vatopedi 9
https://r11.eu/rdf/resource/5aada7fc-6aca-4d50-adf2-1fdf093f1030,Vatopedi 9
https://r11.eu/rdf/resource/b7e30ed8-030f-499a-92e5-29540497639a,Vatopedi 8
https://r11.eu/rdf/resource/969c1011-bcb9-4156-b1cd-437425a63647,Esphigmenou 4a
https://r11.eu/rdf/resource/5c45e106-87c8-405e-bd87-1ed2521f27d9,Esphigmenou 4a
https://r11.eu/rdf/resource/4dcac441-9bb6-49d3-a233-bd3cefcdb5d4,Vatopedi 8
https://r11.eu/rdf/resource/af99fc31-be7d-4e36-8957-f02ec686d219,Vatopedi 8
https://r11.eu/rdf/resource/9d522d06-8dd7-4441-bc4f-075891f106ac,Esphigmenou 4
https://r11.eu/rdf/resource/ac7003ad-abc2-43a4-b666-842ba7f66ab5,Esphigmenou 4
https://r11.eu/rdf/resource/7da8be5e-d1f3-41e8-8e9e-cf3beb0d9d23,Vatopedi 8
https://r11.eu/rdf/resource/a85474b0-863b-43ae-b010-5f293a204805,Esphigmenou 4
https://r11.eu/rdf/resource/3687f4d9-474c-42b5-9725-b0fcfdbe412c,Esphigmenou 4
https://r11.eu/rdf/resource/3481a473-b120-49fe-beaf-86909512852d,Esphigmenou 4
https://r11.eu/rdf/resource/e4d46149-af3d-4e68-b757-094074477817,Vatopedi 8
https://r11.eu/rdf/resource/29071374-a5f7-4a86-92f8-cf833d0fd15a,Vatopedi 8
https://r11.eu/rdf/resource/68697128-672a-4bc2-a3ad-d4fedf08833d,Vatopedi 8
https://r11.eu/rdf/resource/2fc585e2-70d8-4f83-b9b2-3765a10493d0,Vatopedi 7
https://r11.eu/rdf/resource/7e673312-d116-44c3-8e0b-721ad2a89ae7,Vatopedi 7
https://r11.eu/rdf/resource/999d54c8-85e4-4e66-8f21-ea3c53a0a757,Xeropotamou 5
https://r11.eu/rdf/resource/2a42c954-2641-4540-a7ff-8644bebc7c96,Xeropotamou 5
https://r11.eu/rdf/resource/52585be8-e9d7-4897-9031-25d8354014bf,Panteleemon 5
https://r11.eu/rdf/resource/ef204460-5f26-46b1-b022-1bd9a55d929f,Esphigmenou 3
https://r11.eu/rdf/resource/36d50516-914c-458a-8b23-d7fb85537a79,Esphigmenou 3
https://r11.eu/rdf/resource/fe0edb0d-10e8-4f23-9019-86ab586134aa,Vatopedi 8
https://r11.eu/rdf/resource/f8773346-bc6e-4541-b509-02d3065857e8,Vatopedi 8
https://r11.eu/rdf/resource/fa4dda00-8e81-4f03-a382-2f5d97820ce4,Vatopedi 9
https://r11.eu/rdf/resource/0b2e0f4a-6dbd-46ed-9508-e5167d1e503a,Vatopedi 9
https://r11.eu/rdf/resource/23367a03-0883-46d9-88da-41a91604aaf8,Vatopedi 9
https://r11.eu/rdf/resource/378e5be8-5993-4771-aacc-06ee13d6a2bd,Esphigmenou 5
https://r11.eu/rdf/resource/5010d311-cc1f-4bbb-a25a-31ff6cce86b5,Esphigmenou 5
https://r11.eu/rdf/resource/d934b9a3-af0a-4069-98ec-2a41f3d304ef,Esphigmenou 5
https://r11.eu/rdf/resource/85c08123-70d9-4373-8e14-f9eac9e133fc,Vatopedi 8
https://r11.eu/rdf/resource/09fbdd1c-4786-4c7c-ba9e-c902af55e625,Vatopedi 8
https://r11.eu/rdf/resource/4fbbf3c7-93d7-48f6-bba8-c27c8095baa6,Vatopedi 8
https://r11.eu/rdf/resource/404edd6f-21ff-4b99-9082-a47570747f8b,Vatopedi 9
https://r11.eu/rdf/resource/00f5196b-8559-4bb1-872b-0f71ecc70148,Vatopedi 8
https://r11.eu/rdf/resource/4739f3a4-f126-425d-8a88-0726475c1d09,Panteleemon 5
https://r11.eu/rdf/resource/3a74527c-0d6a-45b8-9a06-62a739c11e7c,Panteleemon 5
https://r11.eu/rdf/resource/75968507-4489-4da1-aa69-5fcc21a5729f,Esphigmenou 5
https://r11.eu/rdf/resource/62f1bd26-ac5f-493e-85b4-4016c769ac16,Esphigmenou 5
https://r11.eu/rdf/resource/704fd73f-bca4-4614-984d-3905f424f5b6,Panteleemon 5
https://r11.eu/rdf/resource/e6ef0c2c-b2f2-4b03-9433-8b413193d2c1,Panteleemon 5
https://r11.eu/rdf/resource/aec5ff60-16cd-4ed8-ac3b-44f12a5d0988,Esphigmenou 3
https://r11.eu/rdf/resource/08e16aef-502f-4866-a718-7ea0786e6464,Esphigmenou 2
https://r11.eu/rdf/resource/aeffdcec-89ce-4a98-8c0f-1745a45044d8,Panteleemon 5
https://r11.eu/rdf/resource/d40c6b6d-569f-4420-b87d-72d12996e2d7,Panteleemon 5
https://r11.eu/rdf/resource/8abee7cd-1c4f-4135-8e29-f6f583c76171,Vatopedi 7
https://r11.eu/rdf/resource/ab88a9c7-5750-43ef-923c-9d22b457d5d6,Vatopedi 7
https://r11.eu/rdf/resource/e0d2fc69-a81b-45ce-911a-f29fb2acd2da,Vatopedi 9
https://r11.eu/rdf/resource/f34ce349-881c-4cce-81fb-cfb81513bdb9,Vatopedi 7
https://r11.eu/rdf/resource/18f76edc-4f2a-470b-b73b-738dbff30a95,Vatopedi 7
https://r11.eu/rdf/resource/10e763ca-88db-4201-878b-615fa9712511,Vatopedi 8
https://r11.eu/rdf/resource/f4fb5f5b-b93f-4e30-835e-124934748db6,Vatopedi 9
https://r11.eu/rdf/resource/87472eee-01e8-4fb2-8ec4-f9a3abbf90da,Vatopedi 8
https://r11.eu/rdf/resource/a4871d54-7814-49e3-a363-5dba9cdd72a3,Panteleemon 6
https://r11.eu/rdf/resource/f8d63f79-303c-4a36-8e1d-96ae29369a06,Panteleemon 6
https://r11.eu/rdf/resource/f03e9ea6-7458-4c01-8f7b-208784a020ac,Esphigmenou 4a
https://r11.eu/rdf/resource/0490b5f3-3fe5-4249-a276-bed833f158e2,Esphigmenou 4
https://r11.eu/rdf/resource/9405c066-808a-4aa2-b481-0ee04aaefac9,Vatopedi 8
https://r11.eu/rdf/resource/2bcdd840-9a2a-4a78-aba2-7303f36b1830,Vatopedi 8
https://r11.eu/rdf/resource/d925c087-350d-4b46-90e1-6f2206ef3c60,Vatopedi 8
https://r11.eu/rdf/resource/d735d25e-43bc-4585-bf11-8fa504ab0f6b,Vatopedi 8
https://r11.eu/rdf/resource/c2e8480e-e4a8-4293-b5e8-c8818807392f,Vatopedi 9
https://r11.eu/rdf/resource/1acd4690-e755-48c5-bf3b-c8dcc046bc95,Vatopedi 9
https://r11.eu/rdf/resource/38ac5e0f-1525-4a5d-9118-71bc956a31a5,Xeropotamou 5
https://r11.eu/rdf/resource/dc1f020b-7b4d-485d-a93c-01fba5ed1b61,Panteleemon 5
https://r11.eu/rdf/resource/f1375a78-0182-4117-9e34-7c645a5fd76b,Vatopedi 9
https://r11.eu/rdf/resource/42aa01c9-6e81-4b9e-bdaa-673b537dbdfc,Vatopedi 9
https://r11.eu/rdf/resource/2da1ca47-c98d-410f-ace8-da9532e365ab,Esphigmenou 4
https://r11.eu/rdf/resource/7088d517-b61b-4003-a3e7-0a05c87d74aa,Esphigmenou 4
https://r11.eu/rdf/resource/59e56ab0-505c-4909-8d38-841229b1e2eb,Esphigmenou 4
https://r11.eu/rdf/resource/ddf128fa-020a-44b9-b1b4-0812afe43848,Vatopedi 7
https://r11.eu/rdf/resource/bd8fa046-704e-487b-84a4-307d4ee75a1a,Vatopedi 7
https://r11.eu/rdf/resource/23c4c1ca-6515-473a-92f0-48bfb98a54c3,Vatopedi 7
https://r11.eu/rdf/resource/a6b24015-ecce-4460-91a8-702b07fa3a0c,Vatopedi 7
https://r11.eu/rdf/resource/b634202b-b385-4d15-ac93-567b699dc3bb,Vatopedi 8
https://r11.eu/rdf/resource/836de0e9-464e-4b41-96ab-4403a75a0b83,Vatopedi 8
https://r11.eu/rdf/resource/215b1aa6-36a7-406a-b28a-2a969d9bc73f,Vatopedi 9
https://r11.eu/rdf/resource/def13e58-fd01-4259-8db9-1f1f2323e6d8,Vatopedi 9
https://r11.eu/rdf/resource/90a56855-3c6c-4141-982e-afd4d2d78801,Vatopedi 9
https://r11.eu/rdf/resource/cb02444b-ebdf-45c8-8194-174d8d0eeaaa,Vatopedi 8
https://r11.eu/rdf/resource/b52142b2-2df7-43ae-a280-945e40e6083a,Vatopedi 8
https://r11.eu/rdf/resource/2ab84329-1638-4857-9611-0f00a82781b8,Xeropotamou 5
https://r11.eu/rdf/resource/02a2933e-e1e4-40c1-8593-aebcb384fae3,Vatopedi 8
https://r11.eu/rdf/resource/3c15bdaf-4e85-4651-a5f8-0c07d0e986b8,Vatopedi 8
https://r11.eu/rdf/resource/34f2b546-24a7-4d41-992a-450e2c58cc89,Vatopedi 11
https://r11.eu/rdf/resource/f2297ab8-39cd-456f-814f-c3ad91708c67,Vatopedi 11
https://r11.eu/rdf/resource/8ca06f14-d564-4608-b57b-7b2396b8cdca,Vatopedi 11
https://r11.eu/rdf/resource/60c98d1c-b41d-41ee-8d79-794ed24fcb80,Xenophontos 2
https://r11.eu/rdf/resource/bb791f06-268c-4972-9b95-4d8051ad5ab4,Xenophontos 2
https://r11.eu/rdf/resource/40d7186c-bdf5-4977-8a88-511ac2645149,Vatopedi 8
https://r11.eu/rdf/resource/efe826f1-75e0-4605-ba7b-d1d2ffd022b1,Xeropotamou 5
https://r11.eu/rdf/resource/e109a2c5-4c05-4140-a666-84b9fe6cd7f6,Esphigmenou 5
https://r11.eu/rdf/resource/7e3517ea-a515-4451-854e-e90fd2b2df10,Esphigmenou 2
https://r11.eu/rdf/resource/d8d38ddb-c122-4fe4-8a08-e627e8eef458,Esphigmenou 2
https://r11.eu/rdf/resource/b413ff73-5680-4a45-b3e3-31e269a69f44,Esphigmenou 3
https://r11.eu/rdf/resource/ba8c0a90-826d-41b6-ac1d-b6e785b9b10b,Esphigmenou 3
https://r11.eu/rdf/resource/745331a7-de4c-484d-b8bd-4bafe212de3b,Esphigmenou 3
https://r11.eu/rdf/resource/2fd6f0e0-28ea-4b60-a85e-647bf174a4dd,Esphigmenou 3
https://r11.eu/rdf/resource/0d2c68fb-d347-41a1-b8e0-fbbb396ace2d,Panteleemon 5
https://r11.eu/rdf/resource/3336d7af-1e22-4361-bd88-a26651b52a45,Xeropotamou 5
https://r11.eu/rdf/resource/2fb8f5a1-257a-42a7-b3d6-45316e3707b2,Panteleemon 5
https://r11.eu/rdf/resource/09c8be37-a0ff-465a-a9db-ad4faadc22a0,Esphigmenou 5
https://r11.eu/rdf/resource/2feb2847-954e-4a77-a348-6c6c44f607c5,Esphigmenou 5
https://r11.eu/rdf/resource/7b8a29e9-15b9-4f40-9b56-b77cf7820195,Esphigmenou 5
https://r11.eu/rdf/resource/3a064984-deaa-4e7f-b382-da45bbaf41f1,Vatopedi 7
https://r11.eu/rdf/resource/01735ddf-5ead-4510-a4ec-e9f4ccdd024a,Vatopedi 9
https://r11.eu/rdf/resource/27f3fffa-aacb-462c-870b-d9c39919d9ba,Vatopedi 7
https://r11.eu/rdf/resource/2305bbef-0d4f-4a96-b9ce-03319042c0a2,Vatopedi 9
https://r11.eu/rdf/resource/af976b0a-f9a4-4287-80c7-a33cc2bae4a5,Vatopedi 9
https://r11.eu/rdf/resource/b409ef61-33c1-427f-9dab-c2f06dd5a51f,Vatopedi 8
https://r11.eu/rdf/resource/5dcdf717-02cf-4905-abc6-80b3af7692e3,Vatopedi 7
https://r11.eu/rdf/resource/8dbae1ff-abb3-42c3-a729-5942532850a1,Vatopedi 7
https://r11.eu/rdf/resource/9eefb386-e19d-4f9a-9492-f162b51bb571,Vatopedi 7
https://r11.eu/rdf/resource/155cfcf0-65e5-4347-a5c5-e8e7cbd64bec,Vatopedi 7
https://r11.eu/rdf/resource/d7d44e89-992d-460c-9753-3264e0a3ea74,Esphigmenou 4
https://r11.eu/rdf/resource/2f65e01b-de7d-45c9-baae-fe8ec380982a,Esphigmenou 4
https://r11.eu/rdf/resource/83d8e78d-9b31-43b4-9f51-8932e348718f,Panteleemon 4
https://r11.eu/rdf/resource/687e8b31-0c0a-40b2-bd50-49727dbc5186,Vatopedi 8
https://r11.eu/rdf/resource/118de944-b82b-40a9-954c-2b51526aa279,Vatopedi 7
https://r11.eu/rdf/resource/3179f78e-cfdf-4484-afdb-7f8f6951bdb0,Vatopedi 7
https://r11.eu/rdf/resource/5dda32fa-70d4-4c20-987e-1b463216df6d,"Nea Mone, Gedeon 5"
https://r11.eu/rdf/resource/0e3b9e79-c5ad-49e4-a959-1acf3f6d9a06,"Nea Mone, Gedeon 5"
https://r11.eu/rdf/resource/6d04cb39-ce56-4ce9-b196-9b3ad2f0b01f,"Nea Mone, Miklosich-Müller 5"
https://r11.eu/rdf/resource/b028d462-8867-4768-bce2-ea255b562547,"Nea Mone, Miklosich-Müller 5"
https://r11.eu/rdf/resource/291badf6-887e-4450-a8b4-9bf9cb983bea,"Nea Mone, Miklosich-Müller 5"
https://r11.eu/rdf/resource/44572f16-bb4f-4daf-aab6-02f3fb48edb9,"Nea Mone, Miklosich-Müller 6"
https://r11.eu/rdf/resource/4e8cc60e-a308-435c-9dbf-07d4e1def7c0,Panteleemon 2
https://r11.eu/rdf/resource/8d53d188-f543-4d35-b91b-2e9f7b22eada,"Nea Mone, Miklosich-Müller 5"
https://r11.eu/rdf/resource/8f266fe5-f1f5-4127-ac14-3952d1ba94fc,"Nea Mone, Gedeon 12"
https://r11.eu/rdf/resource/3b062cfe-8252-4c29-a228-8ce0b1200777,"Nea Mone, Gedeon 12"
https://r11.eu/rdf/resource/2f5ce4ad-002a-4006-858a-b351e6c8d793,Panteleemon 2
https://r11.eu/rdf/resource/de2ae6f2-e142-4456-8fa3-638f2b1392ce,Panteleemon 2
https://r11.eu/rdf/resource/fe34727d-5238-4d69-a02d-6e51a78bb541,Panteleemon 2
https://r11.eu/rdf/resource/3d741444-5d39-4400-8387-bd8a572e7731,Panteleemon 2
https://r11.eu/rdf/resource/afbc1850-bfcf-4ca0-8d77-94e1a613c2b0,"Nea Mone, Miklosich-Müller 6"
https://r11.eu/rdf/resource/6e2af3ab-42f3-43f1-9cb9-b16ba15d342d,Panteleemon 2
https://r11.eu/rdf/resource/09114ac8-43ce-4ffe-b7f3-56b8b8cf79b6,Panteleemon 2
https://r11.eu/rdf/resource/91337c2f-9af8-4ab1-84af-21eb6cc26749,Panteleemon 2
https://r11.eu/rdf/resource/c5026c2d-a6f2-48f7-8ae2-a551cfb02ac2,"Nea Mone, Miklosich-Müller 5"
https://r11.eu/rdf/resource/f832cfd4-47dd-4d38-a9e6-56f3a3b8472e,Panteleemon 2
https://r11.eu/rdf/resource/6104d149-7814-4504-a546-40d4addeb6e2,Panteleemon 2
https://r11.eu/rdf/resource/4c9f0e23-2c06-4ae6-ba4c-b717943ca611,Panteleemon 2
https://r11.eu/rdf/resource/6675582d-549d-438f-9f86-0a892e1d6cc3,Panteleemon 5
https://r11.eu/rdf/resource/8ef18071-48af-41af-afb5-c3fa17d671a2,Panteleemon 5
https://r11.eu/rdf/resource/e76aaf07-38b6-443d-91ac-568a89c87f27,Panteleemon 5
https://r11.eu/rdf/resource/2c7e94a6-c803-40d5-8229-ceb81c7be1d9,"Nea Mone, Miklosich-Müller 5"
https://r11.eu/rdf/resource/ad3ea033-8765-424a-88e4-9d82c6b21d6d,"Nea Mone, Miklosich-Müller 5"
https://r11.eu/rdf/resource/292313ed-cb77-4ff1-b8b1-e0b00bf277ec,"Nea Mone, Miklosich-Müller 5"
https://r11.eu/rdf/resource/d87ab69c-94ca-4091-8fe0-17e47ae7c8d7,"Nea Mone, Miklosich-Müller 5"
https://r11.eu/rdf/resource/ef086769-680b-48cc-900b-f88701ba79ac,"Nea Mone, Miklosich-Müller 5"
https://r11.eu/rdf/resource/841d67e7-4249-41bd-bef6-1fcb7962ff48,"Nea Mone, Miklosich-Müller 5"
https://r11.eu/rdf/resource/be2b605c-c34c-4087-8f6f-733235cd589f,Panteleemon 5
https://r11.eu/rdf/resource/d8b94f09-5297-4f6c-a10d-42148410ca64,Xeropotamou 5
https://r11.eu/rdf/resource/546a76fd-6b69-465b-ad97-874ca8f9977a,Xeropotamou 5
https://r11.eu/rdf/resource/04ace88c-5e51-4aeb-ba3b-b73a8b9db9f9,Panteleemon 5
https://r11.eu/rdf/resource/83d6278f-3696-4e2c-828c-b8fea68b8f10,Panteleemon 4
https://r11.eu/rdf/resource/9590c453-be6d-431c-8bff-8cb62aaa8ca3,Panteleemon 4
https://r11.eu/rdf/resource/de199ef9-481b-4cb2-8451-23521c1a2913,Panteleemon 5
https://r11.eu/rdf/resource/12e3c529-6a8a-45d2-b4bf-b8993a76590c,Xeropotamou 5
https://r11.eu/rdf/resource/da8f39fa-91fa-49ea-8fcc-cf9aad26c34e,Panteleemon 5
https://r11.eu/rdf/resource/75eedaab-b0d6-4940-b01a-8e6661933109,Panteleemon 2
https://r11.eu/rdf/resource/3c90c274-c78b-4f2a-aa30-ad4afc9aa035,Panteleemon 2
https://r11.eu/rdf/resource/efe0a473-e052-449f-801e-8a7089b2a861,Panteleemon 2
https://r11.eu/rdf/resource/b77eb711-6319-4b09-928a-85ebb8636f8b,Panteleemon 2
https://r11.eu/rdf/resource/455d3b72-3c3c-4215-9103-cf0bc0ebb936,Panteleemon 5
https://r11.eu/rdf/resource/40821bf7-9a2a-45e0-ba7a-1ecefe7b48a0,Panteleemon 5
https://r11.eu/rdf/resource/9f8e079f-fd6f-4c91-9bab-6d9aa87078c4,Panteleemon 5
https://r11.eu/rdf/resource/9e8876e8-0a2c-4d7e-b160-3f863b15afb0,Panteleemon 5
https://r11.eu/rdf/resource/5e7eaa68-6d17-4447-bfbf-83905cf66af9,Panteleemon 5
https://r11.eu/rdf/resource/c492ed9b-0733-4781-aba1-3ea5d509cd95,Panteleemon 5
https://r11.eu/rdf/resource/f7116999-1039-49a5-8e35-8181ffeb42dc,"Nea Mone, Gedeon 8"
https://r11.eu/rdf/resource/8d53e705-4411-4970-8f75-949aceb36c85,"Nea Mone, Gedeon 12"
https://r11.eu/rdf/resource/1a9e76a2-36c6-49dd-ad27-34b1f2aa996d,"Nea Mone, Gedeon 8"
https://r11.eu/rdf/resource/9c4b8d48-6ffd-4677-98d4-2b50b142fc58,"Nea Mone, Miklosich-Müller 5"
https://r11.eu/rdf/resource/2b94ccf3-0a51-4ef9-b944-f2c17f34cfc1,"Nea Mone, Miklosich-Müller 5"
https://r11.eu/rdf/resource/18ad0c76-9ad6-45d0-a899-c1019e1d1fac,"Nea Mone, Miklosich-Müller 5"
https://r11.eu/rdf/resource/c08e2461-308e-4fff-b76b-2c58c49580f7,"Nea Mone, Miklosich-Müller 5"
https://r11.eu/rdf/resource/354852f3-e3a2-4032-ad4e-30895d77df7b,"Nea Mone, Miklosich-Müller 5"
https://r11.eu/rdf/resource/157f822c-47a5-49f4-bdd7-2c9fdad48100,Panteleemon 4
https://r11.eu/rdf/resource/8494c2e8-dd80-46eb-8972-570000f967bf,Panteleemon 4
https://r11.eu/rdf/resource/071cda53-13ef-4a15-950c-309828eca802,Panteleemon 4
https://r11.eu/rdf/resource/2ad19948-fac0-4b9f-9c6d-e0dff2024457,Xeropotamou 5
https://r11.eu/rdf/resource/73ff1fe6-a7f7-4476-a588-1408ebac99f9,Panteleemon 5
https://r11.eu/rdf/resource/93cd1ae3-ee02-4cca-a812-981ac7f902d6,Panteleemon 5
https://r11.eu/rdf/resource/293c03db-35ad-4cee-9f5a-2cdb74221da6,Panteleemon 5
https://r11.eu/rdf/resource/75f2075f-c1b4-4cd9-beeb-66c12faf0d7d,Panteleemon 5
https://r11.eu/rdf/resource/2f648a64-340b-4ebe-9cc8-53498747eebb,Panteleemon 6
https://r11.eu/rdf/resource/7ebb7bd8-a85f-41a4-a290-a888fe79df9b,Panteleemon 6
https://r11.eu/rdf/resource/488e2185-740e-404c-9057-34f616574c73,Panteleemon 2
https://r11.eu/rdf/resource/330a7242-0e75-4b01-9c63-20c5f3a2479c,Panteleemon 2
https://r11.eu/rdf/resource/1d0bcbad-bf87-4a17-874d-f944e2d0d4c4,"Nea Mone, Miklosich-Müller 5"
https://r11.eu/rdf/resource/37c83dd4-b712-4cce-8955-3b4bba59c750,Panteleemon 5
https://r11.eu/rdf/resource/ba39dc50-ed5a-44d9-a477-0afd3dbb1b46,Panteleemon 5
https://r11.eu/rdf/resource/3d7bb746-77a8-4c51-b2fc-e7852068c304,Panteleemon 5
https://r11.eu/rdf/resource/98d613ce-2966-4534-af52-ed323c737443,Panteleemon 5
https://r11.eu/rdf/resource/ee93732c-86e3-4712-ac07-20a1fc08f520,"Nea Mone, Miklosich-Müller 5"
https://r11.eu/rdf/resource/f6e4a183-3ec4-4761-bdd5-22d8028e50ba,Panteleemon 4
https://r11.eu/rdf/resource/5079f7f1-6f9b-4ba7-8eec-432e85afe39f,Panteleemon 5
https://r11.eu/rdf/resource/08531070-d43b-4be6-8b82-5d05b7d51751,"Nea Mone, Miklosich-Müller 5"
https://r11.eu/rdf/resource/73e80293-2463-45ec-9e2a-3beff0975e52,Panteleemon 6
https://r11.eu/rdf/resource/799c036c-ec95-46d8-87d7-c17f0fef8ca3,Panteleemon 6
https://r11.eu/rdf/resource/01e15a11-7bfc-4deb-975e-b44bca13a179,Panteleemon 6
https://r11.eu/rdf/resource/7c7d5810-8aad-4131-900e-68a2232e66cd,"Nea Mone, Miklosich-Müller 5"
https://r11.eu/rdf/resource/d6a0e676-cfb0-4a9e-8654-e9f65ea082f0,Panteleemon 5
https://r11.eu/rdf/resource/ea993736-8898-4998-b6d8-786264d57e38,Panteleemon 5
https://r11.eu/rdf/resource/cca5badf-1d96-4524-8f25-2bedd9272d42,Panteleemon 5
https://r11.eu/rdf/resource/6621a62c-5032-42fe-b671-5391af93a14f,Panteleemon 5
https://r11.eu/rdf/resource/1ff62f37-31c5-4b18-b55c-3e322db2aaab,Panteleemon 5
https://r11.eu/rdf/resource/4f096515-f011-4903-b415-e2e8d4208070,Panteleemon 5
https://r11.eu/rdf/resource/36140f93-98a9-45c4-b094-8206362ad0c7,"Nea Mone, Miklosich-Müller 4"
https://r11.eu/rdf/resource/4b1b6e71-fcb5-424d-89ae-4126e9d469bc,Panteleemon 4
https://r11.eu/rdf/resource/ee69e863-9a8a-47e2-b821-9c1b66d42100,Panteleemon 4
https://r11.eu/rdf/resource/1301459f-2fd9-49bd-8dcf-659dcd132e99,"Nea Mone, Miklosich-Müller 5"
https://r11.eu/rdf/resource/9851182d-63d6-42fe-963a-704df0aaa6d8,"Nea Mone, Miklosich-Müller 5"
https://r11.eu/rdf/resource/93aa5d21-7926-4a36-9f7c-5f3a05eebf4b,"Nea Mone, Miklosich-Müller 5"
https://r11.eu/rdf/resource/9fc9d342-c7dd-4f1d-b166-67c801d94e42,Panteleemon 5
https://r11.eu/rdf/resource/fbb45d31-b485-401d-a96e-da1b78f66ad1,"Nea Mone, Miklosich-Müller 5"
https://r11.eu/rdf/resource/30db3764-e6f1-4669-a111-5965234a6dac,Panteleemon 6
https://r11.eu/rdf/resource/c192ca14-caca-4839-815d-0d009e9d52c2,Panteleemon 6
https://r11.eu/rdf/resource/465e625a-980c-4e79-b9e9-368bc87aeaac,Panteleemon 2
https://r11.eu/rdf/resource/73bd72fa-799d-478a-9ae9-108a15ef3e29,Panteleemon 2
https://r11.eu/rdf/resource/492b21a0-a02f-46c0-bd7f-2345c426412e,Panteleemon 5
https://r11.eu/rdf/resource/aaa58631-05c3-4aeb-84e6-23a9dc666d06,Panteleemon 5
https://r11.eu/rdf/resource/4d02c8cf-8ebe-4f97-a780-bb42a5b55b67,Panteleemon 5
https://r11.eu/rdf/resource/813ca897-a9ef-452f-b97c-5a98da651267,Panteleemon 6
https://r11.eu/rdf/resource/21dfa129-a872-4bc0-b4f6-126f7a879d25,Panteleemon 6
https://r11.eu/rdf/resource/ab4738a0-1448-4661-ae5d-1156e4b59fd8,Panteleemon 6
https://r11.eu/rdf/resource/491d275f-9646-4c8e-af13-6fedafd994fa,Panteleemon 6
https://r11.eu/rdf/resource/7d0be3cf-3e8e-4bdf-9fc3-2f30dee3b7e6,Panteleemon 5
https://r11.eu/rdf/resource/609e5e56-878e-4884-9fc4-07217e9feab8,Panteleemon 5
https://r11.eu/rdf/resource/37bf889c-e30d-4f7b-b825-3e8da422e6cf,Panteleemon 5
https://r11.eu/rdf/resource/8e4135df-157c-4421-8d9c-b95ed346c72a,Panteleemon 6
https://r11.eu/rdf/resource/e7f28760-aefc-40c2-954b-c3ff47d069c6,Panteleemon 2
https://r11.eu/rdf/resource/f9ee891e-5c41-495c-8dcb-58f8deeea1d1,Panteleemon 5
https://r11.eu/rdf/resource/38b02c9e-d4e9-4972-b83d-3b32a0bfd274,"Nea Mone, Miklosich-Müller 5"
https://r11.eu/rdf/resource/42521d6d-a9db-4090-b1f1-034888deecb5,Panteleemon 4
https://r11.eu/rdf/resource/8edb6dcf-e05f-44b5-b828-19c2370c4a79,Panteleemon 4
https://r11.eu/rdf/resource/0322bf19-d57d-47f5-8f79-cc4d6135f05e,Panteleemon 4
https://r11.eu/rdf/resource/7dae6c0e-6295-41b6-905e-7f011eb504f3,Panteleemon 6
https://r11.eu/rdf/resource/dbc976dd-5d27-40ad-8e6d-0c0947fd2723,Panteleemon 6
https://r11.eu/rdf/resource/9028a4b1-b722-4f47-aaa9-48bf6a3b4f9a,Panteleemon 5
https://r11.eu/rdf/resource/46daf080-1f5f-40cd-9d17-f49e8c3ff461,Panteleemon 5
https://r11.eu/rdf/resource/e32e72e8-141a-40b7-a7c6-d482a3532961,Niketas Stethatos (Darrouzes) 11
https://r11.eu/rdf/resource/e9a64a34-dff8-412d-9f13-d631d7243290,Niketas Stethatos (Darrouzes) 7
https://r11.eu/rdf/resource/180c2349-e1ae-40d2-98bf-23da76108239,Niketas Stethatos (Darrouzes) 7
https://r11.eu/rdf/resource/4c78e655-1e7d-4bfe-b4be-3994b5217710,Niketas Stethatos (Darrouzes) 8
https://r11.eu/rdf/resource/12e6b603-d4b6-4b70-a2ad-427f205d9334,Niketas Stethatos (Darrouzes) 9
https://r11.eu/rdf/resource/3e9c8559-5c8c-41b5-bc4b-8279c320ba4f,Niketas Stethatos (Darrouzes) 9
https://r11.eu/rdf/resource/fdc96112-89dc-4f64-927d-7fd88a01e369,Niketas Stethatos (Darrouzes) 9
https://r11.eu/rdf/resource/b96cd561-3634-4982-8b39-9d12f1f64228,Niketas Stethatos (Darrouzes) 5
https://r11.eu/rdf/resource/f145b07a-c4a1-4a63-9065-76cffc0bc216,Niketas Stethatos (Darrouzes) 6
https://r11.eu/rdf/resource/1a10332b-8d1c-4c32-a05b-2089655023a4,Niketas Stethatos (Darrouzes) 2
https://r11.eu/rdf/resource/b33cee7b-057b-4855-8b26-92af6b7ae1b3,Niketas Stethatos (Darrouzes) 10
https://r11.eu/rdf/resource/52613a95-c69e-4a6a-b624-9467f3e31c3e,Kleinchroniken 15
https://r11.eu/rdf/resource/18b9d183-d052-46a5-b586-328e459be361,Kleinchroniken 14
https://r11.eu/rdf/resource/166f5b89-3c25-4e57-b93f-a46267672f8d,Kleinchroniken 14
https://r11.eu/rdf/resource/a91cc439-785b-4ed9-b091-0907e40df5a8,Kleinchroniken 14
https://r11.eu/rdf/resource/012c6b39-0c60-4270-b046-08726d47e827,Kleinchroniken 14
https://r11.eu/rdf/resource/f1c1182b-4dc1-432e-91e5-79a5a0c5f8b8,Kleinchroniken 15
https://r11.eu/rdf/resource/93bda497-f4ae-4835-ada4-50d8eb7a73ed,Kleinchroniken 16
https://r11.eu/rdf/resource/b51689f7-f25c-47aa-ac7b-1215150dcb5f,Kleinchroniken 14
https://r11.eu/rdf/resource/e0b9abf0-5400-4b94-9111-fdee4385259f,Kleinchroniken 15
https://r11.eu/rdf/resource/853ec2e4-7acb-4288-9718-6dcd7ecd369d,Kleinchroniken 15
https://r11.eu/rdf/resource/11c284ac-c19a-4cef-bdca-ec6ade5590fa,Kleinchroniken 15
https://r11.eu/rdf/resource/ef59ebb0-7573-4b24-936a-eb70a5cfdd4f,Lavra 38
